subject_id,copy_number,fusion_fission,mitophagy,heterogeneity,metabolism_>_carbohydrate_metabolism_>_tca_cycle,metabolism_>_metals_and_cofactors_>_copper_metabolism,metabolism_>_metals_and_cofactors_>_fe_s_containing_proteins,mitochondrial_dynamics_and_surveillance,mitochondrial_dynamics_and_surveillance_>_cristae_formation,mitochondrial_dynamics_and_surveillance_>_fission,mitochondrial_dynamics_and_surveillance_>_fusion,mitochondrial_dynamics_and_surveillance_>_organelle_contact_sites,oxphos_>_complex_i_>_ci_subunits,oxphos_>_complex_ii_>_cii_subunits,oxphos_>_complex_iv_>_civ_subunits,oxphos_>_complex_v_>_cv_subunits,oxphos_>_oxphos_subunits,protein_import,signaling_>_calcium_homeostasis_>_calcium_cycle,signaling_>_calcium_homeostasis_>_mitochondrial_permeability_transition_pore,small_molecule_transport,small_molecule_transport_>_slc25a_family,sorting_and_homeostasis_>_protein_homeostasis_>_chaperones,sorting_and_homeostasis_>_protein_import_and_sorting_>_tom,MHI
BIOKEY_1,0.0,-0.1883145,-0.0460479,0.5949000124081854,,,,,,,,,,,,,,,,,,,,,0.21447288816219615
BIOKEY_10,0.0,-0.18369937,-0.14005047,0.47882199038063916,,,,,,,,,,,,,,,,,,,,,0.17621436424058523
BIOKEY_11,0.0,-0.16888179,-0.018969983,0.3851462678718182,,,,,,,,,,,,,,,,,,,,,0.18116260461037031
BIOKEY_12,0.0,-0.19568749,-0.11405573,0.5023803884003352,,,,,,,,,,,,,,,,,,,,,0.18292820144747055
BIOKEY_13,0.0,-0.23777655,-0.30098614,0.5199879713310738,,,,,,,,,,,,,,,,,,,,,0.1460698353417625
BIOKEY_14,0.0,-0.20499812,-0.11938307,0.6849500642650221,,,,,,,,,,,,,,,,,,,,,0.2165666735530362
BIOKEY_15,0.0,-0.1562792,-0.10850711,0.5585177576327883,,,,,,,,,,,,,,,,,,,,,0.20302797786220134
BIOKEY_16,0.0,-0.2020731,-0.14006507,0.5066091564301072,,,,,,,,,,,,,,,,,,,,,0.17804783938810229
BIOKEY_17,0.0,0.30032337,0.6369892,0.36210239957694795,,,,,,,,,,,,,,,,,,,,,0.38311783950086453
BIOKEY_18,0.0,-0.21426342,-0.20685793,0.6584348272753677,,,,,,,,,,,,,,,,,,,,,0.1944894503142779
BIOKEY_19,0.0,-0.17495024,-0.062640786,0.6555036056783017,,,,,,,,,,,,,,,,,,,,,0.226431915317597
BIOKEY_2,0.0,-0.21772915,-0.098350875,0.5818757652409486,,,,,,,,,,,,,,,,,,,,,0.1970187989474787
BIOKEY_20,0.0,-0.14495571,-0.020391889,0.5966842625067825,,,,,,,,,,,,,,,,,,,,,0.22795441239951483
BIOKEY_21,0.0,0.060323726,0.35251027,0.20600811196317811,,,,,,,,,,,,,,,,,,,,,0.2550267115715412
BIOKEY_22,0.0,-0.11894164,-0.13305022,0.3096964080574247,,,,,,,,,,,,,,,,,,,,,0.15673352187292738
BIOKEY_23,0.0,0.059995826,0.09638545,0.606366877085229,,,,,,,,,,,,,,,,,,,,,0.2911624175975738
BIOKEY_24,0.0,0.2010749,0.26315066,0.6005209518047482,,,,,,,,,,,,,,,,,,,,,0.34690626095158106
BIOKEY_25,0.0,-0.35201487,-0.2925101,0.4392933067842277,,,,,,,,,,,,,,,,,,,,,0.10836029947937517
BIOKEY_26,0.0,0.054457042,0.15691695,0.0,,,,,,,,,,,,,,,,,,,,,0.21739061074354377
BIOKEY_27,0.0,-0.114441216,-0.11085321,0.5505810048141196,,,,,,,,,,,,,,,,,,,,,0.2094878694265372
BIOKEY_28,0.0,0.049151603,0.2500206,0.593391407549149,,,,,,,,,,,,,,,,,,,,,0.31258445012208275
BIOKEY_29,0.0,-0.034861688,0.18025152,0.6363328025230448,,,,,,,,,,,,,,,,,,,,,0.2922992525952998
BIOKEY_3,0.0,0.08278643,0.05147777,0.3399274155894167,,,,,,,,,,,,,,,,,,,,,0.2349442784062191
BIOKEY_30,0.0,0.36870074,0.4547771,0.20685264650285942,,,,,,,,,,,,,,,,,,,,,0.3348696049892684
BIOKEY_31,0.0,0.05194055,0.123474166,0.4364847919379292,,,,,,,,,,,,,,,,,,,,,0.2602616305461037
BIOKEY_32,0.0,-0.23189324,-0.27905038,0.4954353677270319,,,,,,,,,,,,,,,,,,,,,0.1460991841243219
BIOKEY_33,0.0,-0.21317677,-0.18583006,0.4566842827641614,,,,,,,,,,,,,,,,,,,,,0.15804174404970917
BIOKEY_34,0.0,-0.20910062,-0.25992712,0.4445584366289302,,,,,,,,,,,,,,,,,,,,,0.14380927507912877
BIOKEY_35,0.0,-0.17859761,-0.08984761,0.5374707700508631,,,,,,,,,,,,,,,,,,,,,0.1975065559738508
BIOKEY_36,0.0,-0.18867965,-0.060293093,0.5195856182713632,,,,,,,,,,,,,,,,,,,,,0.19694337635795878
BIOKEY_37,0.0,-0.23194481,-0.13860106,0.642309736706931,,,,,,,,,,,,,,,,,,,,,0.19934368777514005
BIOKEY_38,0.0,-0.0845675,-0.051165033,0.436943119100601,,,,,,,,,,,,,,,,,,,,,0.2030226099385437
BIOKEY_39,0.0,-0.22007453,-0.21337809,0.5277033007079515,,,,,,,,,,,,,,,,,,,,,0.16612149574870716
BIOKEY_4,0.0,-0.052731123,0.20260733,0.49637533611053114,,,,,,,,,,,,,,,,,,,,,0.2645812313413362
BIOKEY_40,0.0,-0.26468644,-0.27285197,0.5299999353503909,,,,,,,,,,,,,,,,,,,,,0.14743432578329607
BIOKEY_41,0.0,-0.23973379,-0.13300288,0.42843050022267676,,,,,,,,,,,,,,,,,,,,,0.15605363726113558
BIOKEY_42,0.0,-0.13345283,-0.0560457,0.5232898700787008,,,,,,,,,,,,,,,,,,,,,0.20955230168175443
BIOKEY_5,0.0,-0.19718513,-0.16931945,0.4664050602287035,,,,,,,,,,,,,,,,,,,,,0.16602410746383797
BIOKEY_6,0.0,-0.07571893,-0.023811491,0.5783120942819621,,,,,,,,,,,,,,,,,,,,,0.23767864734913563
BIOKEY_7,0.0,0.30804023,0.41591895,0.41347352281383404,,,,,,,,,,,,,,,,,,,,,0.357225589784659
BIOKEY_8,0.0,-0.16738556,0.019452222,0.3952218080014208,,,,,,,,,,,,,,,,,,,,,0.19002695307188758
BIOKEY_9,0.0,-0.31134138,-0.29396835,0.5193107307007894,,,,,,,,,,,,,,,,,,,,,0.13228503536638708
CID3586,0.0,-0.42030507,-0.45807058,0.6636823779191685,,,,,,,,,,,,,,,,,,,,,0.1111150397321849
CID3838,0.0,0.59065694,0.49635026,0.8189460842486361,,,,,,,,,,,,,,,,,,,,,0.5088767068671358
CID3921,0.0,0.24070257,0.05670066,0.9196986503260106,,,,,,,,,,,,,,,,,,,,,0.38337951607365395
CID3941,0.0,-0.2746696,-0.23316464,0.7747476915281833,,,,,,,,,,,,,,,,,,,,,0.20101907727733143
CID3946,0.0,-0.4843414,-0.51348567,0.7184148587213017,,,,,,,,,,,,,,,,,,,,,0.10533203773391643
CID3948,0.0,-0.37125483,-0.43047556,0.8595941098102446,,,,,,,,,,,,,,,,,,,,,0.16480778927397016
CID3963,0.0,-0.2829142,-0.28574693,0.7610527158134799,,,,,,,,,,,,,,,,,,,,,0.18765594860251333
CID4040,0.0,0.18389547,0.23312692,0.8036108733239176,,,,,,,,,,,,,,,,,,,,,0.37883938378503074
CID4066,0.0,-0.08223478,-0.1729484,0.9052395777339509,,,,,,,,,,,,,,,,,,,,,0.27615930829000324
CID4067,0.0,-0.11381911,-0.30325276,0.6413653812148639,,,,,,,,,,,,,,,,,,,,,0.19491666602317673
CID4290A,0.0,0.046695884,-0.22083049,0.6103946945395088,,,,,,,,,,,,,,,,,,,,,0.23518711083059277
CID4398,0.0,-0.50831556,-0.45097995,0.6105617634332589,,,,,,,,,,,,,,,,,,,,,0.0909594953859478
CID44041,0.0,-0.31134284,-0.25904816,0.8536907286099812,,,,,,,,,,,,,,,,,,,,,0.2049545485646769
CID4461,0.0,-0.4430241,-0.44571084,0.8183258361337592,,,,,,,,,,,,,,,,,,,,,0.13949189784078295
CID4463,0.0,0.4539124,0.24808891,0.7423484930994303,,,,,,,,,,,,,,,,,,,,,0.42366112893136365
CID4465,0.0,-0.4600475,-0.5533406,0.937828484960733,,,,,,,,,,,,,,,,,,,,,0.15185463069023988
CID4471,0.0,-0.0404564,-0.06163476,0.8129048935566496,,,,,,,,,,,,,,,,,,,,,0.28515064090032505
CID4495,0.0,0.007454287,0.0032983923,0.9999999994757144,,,,,,,,,,,,,,,,,,,,,0.3317082279147656
CID44971,0.0,0.049626578,0.03705468,0.9458027532451624,,,,,,,,,,,,,,,,,,,,,0.3459756497748361
CID44991,0.0,0.21561322,0.14692576,0.6265748937031138,,,,,,,,,,,,,,,,,,,,,0.33521870783878666
CID4513,0.0,0.3077438,0.24115235,0.8580285326382479,,,,,,,,,,,,,,,,,,,,,0.4160596088971188
CID4515,0.0,0.7197842,0.64318055,0.8026691425773651,,,,,,,,,,,,,,,,,,,,,0.5567278285926787
CID45171,0.0,0.18622164,0.3248598,0.746731074247925,,,,,,,,,,,,,,,,,,,,,0.38360348917592013
CID4523,0.0,0.6664574,1.4838685,0.5223873866181192,,,,,,,,,,,,,,,,,,,,,0.5463112131356023
CID4530N,0.0,0.8007258,0.7616393,0.7242520273464023,,,,,,,,,,,,,,,,,,,,,0.5704306462007154
CID4535,0.0,0.8196246,1.1393067,0.6915883714944133,,,,,,,,,,,,,,,,,,,,,0.5999796663796083
HTAPP-225,0.0,-0.20142005,-0.4666665,0.6526161644003794,,,,,,,,,,,,,,,,,,,,,0.15161535882650148
HTAPP-425,0.0,0.22987758,0.18635684,0.6425237368195592,,,,,,,,,,,,,,,,,,,,,0.34800372017266207
HTAPP-783,0.0,0.0732401,0.123783536,0.5480648011460622,,,,,,,,,,,,,,,,,,,,,0.28687517250757816
HTAPP-806,0.0,-0.0011177708,-0.3064676,0.3423612456201738,,,,,,,,,,,,,,,,,,,,,0.157456417431282
HTAPP-862,0.0,0.19234386,-0.30483797,0.1782841413332882,,,,,,,,,,,,,,,,,,,,,0.16647508231185984
MS13451QE_Bruno_Lyden_831brain_B,,,,,0.0,0.001149795544809347,0.0,0.0,0.0,0.0,0.0,0.0,0.0,0.0,0.0,0.0,0.0,0.0,0.001149795544809347,0.0,0.0,0.001149795544809347,0.0,0.0,0.0
MS13451QE_Bruno_Lyden_BXPC3pacreatic_A,,,,,0.0,0.0002757634085057452,0.0,0.0,0.0,0.0,0.0,0.0002461854499769534,0.0,0.0,0.0,0.001196551494927951,0.001196551494927951,5.164804750509924e-05,0.0002757634085057452,0.0002461854499769534,0.0002461854499769534,0.0002757634085057452,5.164804750509924e-05,0.0,0.0
MS13451QE_Bruno_Lyden_BXPC3pacreatic_B,,,,,0.0,0.0,0.0,0.0,0.0,0.0,0.0,0.00027330913458871914,0.0,0.0,0.0,0.00036130279220848846,0.00036130279220848846,0.00010386539653331603,0.0,0.00027330913458871914,0.00027330913458871914,0.0,0.00010386539653331603,0.0,0.0
MS13451QE_Bruno_Lyden_BXPC3pacreatic_C,,,,,0.00010234395704023977,0.00015752736891492435,0.0,0.0,0.0,0.0,0.0,0.00032525619952207167,0.0,0.00010234395704023977,0.0,0.0007194010574708303,0.0008217450145110701,7.45538640916269e-05,0.00015752736891492435,0.00032525619952207167,0.00032525619952207167,0.00015752736891492435,7.45538640916269e-05,0.0,0.0
MS13451QE_Bruno_Lyden_BXPC3pacreatic_C_repeat,,,,,0.0,0.0,0.0,0.0,0.0,0.0,0.0,0.00042055581946787347,0.0,0.0,0.0,0.0008393358224755631,0.0008393358224755631,9.547390557936628e-05,0.0,0.00042055581946787347,0.00042055581946787347,0.0,9.547390557936628e-05,0.0,0.0
MS13451QE_Bruno_Lyden_HPAF2pacreatic_A,,,,,0.0003900460363430819,0.0003286738469268079,0.0,0.0,0.0,0.0,0.0,0.0011368017690633976,0.0,0.0003900460363430819,7.342307961047497e-05,0.003418706014898889,0.003882175130852446,0.00042466762421064096,0.0003286738469268079,0.0011368017690633976,0.0011368017690633976,0.0003286738469268079,0.00042466762421064096,0.0,0.0
MS13451QE_Bruno_Lyden_HPAF2pacreatic_B,,,,,0.0005094837049199382,0.0009412425241310008,0.0,0.0,0.0,0.0,0.0,0.0008215165163463677,0.0,0.0005094837049199382,2.8794104872204243e-05,0.0031932732487485963,0.0037315510585407387,0.00043189351096982025,0.0009412425241310008,0.0008215165163463677,0.0008215165163463677,0.0009412425241310008,0.00043189351096982025,0.0,0.0
MS13451QE_Bruno_Lyden_HPAF2pacreatic_C,,,,,0.000686710347885248,0.0003464752821028842,0.0,0.0,0.0,0.0,0.0,0.0010201391967017007,0.0,0.000686710347885248,0.0,0.003198723044881084,0.0038854333927663322,0.00044089792533456157,0.0003464752821028842,0.0010201391967017007,0.0010201391967017007,0.0003464752821028842,0.00044089792533456157,0.0,0.0
MS13451QE_Bruno_Lyden_S137025lymph_B,,,,,0.0,0.0,0.0,0.0,0.0,0.00013571025921817735,0.0,0.0,0.0,0.0,0.0,0.0,0.0,0.0,0.0,0.0,0.0,0.0,0.0,0.0,0.0
MS13451QE_Bruno_Lyden_S137025lymph_C,,,,,0.0,0.0,0.0,0.0,0.0,0.0002547909877783258,0.0,0.0,0.0,0.0,0.0,8.376707196758177e-05,8.376707196758177e-05,0.0,0.0,0.0,0.0,0.0,0.0,0.0,0.0
MS13451QE_Bruno_Lyden_SNU16gastric_A,,,,,0.000156017878553692,0.0,0.0,0.0,0.0,5.229119792082757e-05,0.0,0.0,0.0,0.000156017878553692,0.0,0.0011465367416626142,0.0013025546202163063,0.0,0.0,0.0,0.0,0.0,0.0,0.0,0.0
MS13451QE_Bruno_Lyden_SNU16gastric_B,,,,,0.00012652861655275668,0.0,0.0,0.0,0.0,0.00021187287450340854,0.0,0.0,0.0,0.00012652861655275668,0.0,0.001226506891748681,0.0013530355083014377,0.0,0.0,0.0,0.0,0.0,0.0,0.0,0.0
MS13451QE_Bruno_Lyden_SNU16gastric_C,,,,,0.0,0.0,0.0,0.0,0.0,3.562695011741985e-05,0.0,0.0,0.0,0.0,0.0,0.0016036049351719971,0.0016036049351719971,0.0,0.0,0.0,0.0,0.0,0.0,0.0,0.0
MS13451QE_Bruno_Lyden_SNU1gastric_A,,,,,0.0014614482664116403,0.000272378769543959,9.43634671916832e-05,0.0,0.0,0.0,0.0,0.0006461298841092481,9.43634671916832e-05,0.0014614482664116403,2.6609147263671298e-05,0.0034781677506770027,0.005060588631543997,0.000646891576995427,0.000272378769543959,0.0006461298841092481,0.0006461298841092481,0.000272378769543959,0.000646891576995427,0.0,0.0
MS13451QE_Bruno_Lyden_SNU1gastric_B,,,,,0.0015182463545790879,6.867543783487197e-05,6.961997140554742e-05,6.0512124588933584e-05,0.0,0.0,0.0,0.0005208589993672472,0.00017525937826188626,0.0015182463545790879,4.352724583543145e-05,0.004587728430910994,0.0063247614095873995,0.0006181752840836401,6.867543783487197e-05,0.0005208589993672472,0.0005208589993672472,6.867543783487197e-05,0.0005576631594947065,6.0512124588933584e-05,0.0
MS13451QE_Bruno_Lyden_SNU1gastric_C,,,,,0.0019121158781909408,0.0002299639983443877,0.0002296964616004591,0.0,0.0,0.0,0.0,0.0006202406551264765,0.00034848303666182496,0.0019121158781909408,2.380816263904323e-05,0.003372384099479519,0.005656791176971329,0.0005903552884387,0.0002299639983443877,0.0006202406551264765,0.0006202406551264765,0.0002299639983443877,0.0005903552884387,0.0,0.0
MS13511QE_Bruno_Lyden_143B_A,,,,,0.0,0.0,0.0,0.0,0.0,2.50190459532987e-05,0.0,0.0,0.0,0.0,0.0,0.0,0.0,0.0,0.0,0.0,0.0,0.0,0.0,0.0,0.0
MS13512QE_Bruno_Lyden_IMR5_A,,,,,0.0,0.0,0.0,0.0,0.0,5.922723183645199e-05,0.0,0.0,0.0,0.0,0.0,2.9216613257850398e-05,2.9216613257850398e-05,0.0,0.0,0.0,0.0,0.0,0.0,0.0,0.0
MS13512QE_Bruno_Lyden_IMR5_B,,,,,0.0,0.0,0.0,0.0,0.0,4.776858501811267e-05,0.0,0.0,0.0,0.0,0.0,0.0,0.0,0.0,0.0,0.0,0.0,0.0,0.0,0.0,0.0
MS13512QE_Bruno_Lyden_IMR5_C,,,,,0.0,0.0,0.0,0.0,0.0,3.669910659776693e-05,0.0,0.0,0.0,0.0,0.0,0.0,0.0,0.0,0.0,0.0,0.0,0.0,0.0,0.0,0.0
MS13512QE_Bruno_Lyden_SKNBe2_A,,,,,0.0,0.0,0.0,0.0,0.0,2.3270376513817448e-05,0.0,0.0,0.0,0.0,0.0,0.0,0.0,0.0,0.0,0.0,0.0,0.0,0.0,0.0,0.0
MS13512QE_Bruno_Lyden_SKNBe2_B,,,,,0.0,0.0,0.0,0.0,0.0,2.3822472297848163e-05,0.0,0.0,0.0,0.0,0.0,0.0,0.0,0.0,0.0,0.0,0.0,0.0,0.0,0.0,0.0
MS13512QE_Bruno_Lyden_SKNBe2_C,,,,,0.0,0.0,0.0,0.0,0.0,1.4192557541920693e-05,0.0,0.0,0.0,0.0,0.0,0.0,0.0,0.0,0.0,0.0,0.0,0.0,0.0,0.0,0.0
MS13546QE_Bruno_Lyden_1118_A,,,,,3.041938582667977e-05,4.4536287679728585e-05,0.0,0.0,0.0,0.0,0.0,3.061234737620878e-05,0.0,3.041938582667977e-05,0.0,0.00019317610245079701,0.00022359548827747676,5.320912460261226e-05,4.4536287679728585e-05,3.061234737620878e-05,3.061234737620878e-05,4.4536287679728585e-05,5.320912460261226e-05,0.0,0.0
MS13546QE_Bruno_Lyden_H1650_A,,,,,0.0,0.00018590713120988908,0.0,0.0,0.0,0.0,0.0,4.1554369363921355e-05,0.0,0.0,0.0,8.351418580378122e-05,8.351418580378122e-05,0.0,0.00018590713120988908,4.1554369363921355e-05,4.1554369363921355e-05,0.00018590713120988908,0.0,0.0,0.0
MS13546QE_Bruno_Lyden_H1975_A,,,,,6.270030208302641e-06,0.0,0.0,0.0,0.0,3.515712346912835e-06,0.0,2.7261922996619475e-05,0.0,6.270030208302641e-06,0.0,0.0001837105913753945,0.00018998062158369713,0.0,0.0,2.7261922996619475e-05,2.7261922996619475e-05,0.0,0.0,0.0,0.0
MS13546QE_Bruno_Lyden_H292_A,,,,,9.037362354554307e-06,1.443970914868775e-05,0.0,0.0,0.0,1.964344375118252e-06,0.0,3.690665046704289e-05,0.0,9.037362354554307e-06,0.0,2.690747843365049e-05,3.59448407882048e-05,0.0,1.443970914868775e-05,3.690665046704289e-05,3.690665046704289e-05,1.443970914868775e-05,0.0,0.0,0.0
MS13546QE_Bruno_Lyden_Pc9_A,,,,,2.5101327027410847e-05,0.0,0.0,0.0,0.0,1.5472203373108576e-05,0.0,1.7148827949700433e-05,0.0,2.5101327027410847e-05,0.0,0.00011279766537651761,0.00013789899240392844,0.0,0.0,1.7148827949700433e-05,1.7148827949700433e-05,0.0,0.0,0.0,0.0
MS13618QE_Bruno_Lyden_9609,,,,,0.0,0.0,0.0,0.0,0.0,4.849551500391317e-05,0.0,0.0,0.0,0.0,0.0,0.0,0.0,0.0,0.0,0.0,0.0,0.0,0.0,0.0,0.0
MS13638QE_Bruno_Lyden_SKBr-3,,,,,0.0,0.0,0.0,0.0,0.0,2.6607262108625665e-05,0.0,0.0,0.0,0.0,0.0,0.0,0.0,0.0,0.0,0.0,0.0,0.0,0.0,0.0,0.0
MS13666QE_Bruno_Lyden_4173,,,,,0.0,0.0,0.0,0.0,0.0,6.111775570812365e-05,0.0,0.0,0.0,0.0,0.0,0.0,0.0,0.0,0.0,0.0,0.0,0.0,0.0,0.0,0.0
MS13666QE_Bruno_Lyden_4180,,,,,2.2949648100553547e-05,3.8861789363919884e-05,0.0,0.0,0.0,2.6592495790777572e-05,0.0,0.0,0.0,2.2949648100553547e-05,0.0,0.0,2.2949648100553547e-05,0.0,3.8861789363919884e-05,0.0,0.0,3.8861789363919884e-05,0.0,0.0,0.0
MS141005QE_Bruno_Lyden_MPNST,,,,,0.0,0.0,0.0,0.0,0.0,8.43961218834643e-05,0.0,0.0,0.0,0.0,0.0,0.0,0.0,0.0,0.0,0.0,0.0,0.0,0.0,0.0,0.0
MS141005QE_Bruno_Lyden_MPNST_repeat,,,,,0.0,0.0,0.0,0.0,0.0,6.707706409387343e-05,0.0,0.0,0.0,0.0,0.0,0.0,0.0,0.0,0.0,0.0,0.0,0.0,0.0,0.0,0.0
MS141031QE_Bruno_Lyden_H2228,,,,,8.010624427802982e-05,0.000169710585595116,0.0,0.0,0.0,1.8460600472952116e-05,0.0,0.00010374220185391139,0.0,8.010624427802982e-05,0.0,0.00016056750321254398,0.00024067374749057378,2.3622377780278336e-06,0.000169710585595116,0.00010374220185391139,0.00010374220185391139,0.000169710585595116,2.3622377780278336e-06,0.0,0.0
MS141031QE_Bruno_Lyden_H358,,,,,0.0,0.0,0.0,0.0,0.0,3.4544704453197397e-06,0.0,0.0,0.0,0.0,0.0,0.0,0.0,0.0,0.0,0.0,0.0,0.0,0.0,0.0,0.0
MS141032QE_Bruno_Lyden_UVEALmelanoma,,,,,2.380255460991914e-05,8.88596829487609e-06,0.0,0.0,0.0,7.470988796538405e-06,0.0,4.6662789625346664e-05,0.0,2.380255460991914e-05,0.0,0.0001470413963925563,0.00017084395100247545,2.52035278497892e-05,8.88596829487609e-06,4.6662789625346664e-05,4.6662789625346664e-05,8.88596829487609e-06,2.52035278497892e-05,0.0,0.0
MS141056QE_Hector_Lyden_10,,,,,0.0,0.0,0.0,0.0,0.0,0.0,0.0,0.0,0.0,0.0,2.0620649317324415e-05,2.7109635528940357e-05,4.773028484626477e-05,4.938535029803315e-06,0.0,0.0,0.0,0.0,4.938535029803315e-06,0.0,0.0
MS141056QE_Hector_Lyden_2,,,,,5.3882072698590126e-05,3.323903478174928e-05,0.0,0.0,0.0,0.0,0.0,1.7716170946967124e-05,0.0,5.3882072698590126e-05,3.0616945344708255e-05,0.00010931339432677538,0.00019381241237007376,1.6883967562686656e-05,3.323903478174928e-05,1.7716170946967124e-05,1.7716170946967124e-05,3.323903478174928e-05,1.6883967562686656e-05,0.0,0.0
MS141056QE_Hector_Lyden_5,,,,,4.366704152135485e-06,5.3000171439674415e-05,0.0,0.0,0.0,2.3267029260843964e-05,0.0,0.0,0.0,4.366704152135485e-06,2.9572260344236916e-05,3.244237488369238e-05,6.638133938006478e-05,1.4477191401753896e-05,5.3000171439674415e-05,0.0,0.0,5.3000171439674415e-05,1.4477191401753896e-05,0.0,0.0
MS141056QE_Hector_Lyden_7,,,,,0.0,0.0,0.0,0.0,0.0,0.0,0.0,0.0,0.0,0.0,0.0,4.126947942364804e-06,4.126947942364804e-06,0.0,0.0,0.0,0.0,0.0,0.0,0.0,0.0
MS141056QE_Hector_Lyden_9,,,,,0.0,0.0,0.0,0.0,0.0,0.0,0.0,2.61156108208695e-05,0.0,0.0,0.0,1.560373190149998e-05,1.560373190149998e-05,0.0,0.0,2.61156108208695e-05,2.61156108208695e-05,0.0,0.0,0.0,0.0
MS141070QE_Bruno_Lyden_M2,,,,,2.9583204265461087e-05,0.0,0.0,0.0,0.0,3.379249576223167e-05,0.0,0.0,0.0,2.9583204265461087e-05,0.0,8.955660357810587e-05,0.00011913980784356696,0.0,0.0,0.0,0.0,0.0,0.0,0.0,0.0
MS141070QE_Bruno_Lyden_M9,,,,,7.11750545587226e-05,0.0,0.0,0.0,0.0,9.078418821659666e-05,0.0,0.0,0.0,7.11750545587226e-05,0.0,0.0001994290290065736,0.0002706040835652962,0.0,0.0,0.0,0.0,0.0,0.0,0.0,0.0
MS141075QE_Bruno_Lyden_SAOS-LM7,,,,,0.0,0.0,0.0,0.0,0.0,6.580397256570975e-05,0.0,0.0,0.0,0.0,0.0,0.0,0.0,0.0,0.0,0.0,0.0,0.0,0.0,0.0,0.0
MS141162QE_Bruno_Lyden_DU145,,,,,0.0,0.0,0.0,0.0,0.0,5.3440424607283026e-05,0.0,0.0,0.0,0.0,0.0,0.0,0.0,0.0,0.0,0.0,0.0,0.0,0.0,0.0,0.0
MS141162QE_Bruno_Lyden_PC3,,,,,0.0,0.0,0.0,0.0,0.0,5.906426555098106e-05,0.0,0.0,0.0,0.0,0.0,0.0,0.0,0.0,0.0,0.0,0.0,0.0,0.0,0.0,0.0
MS141285QE_Hector_Lyden_VCAP,,,,,0.0,0.0,0.0,0.0,0.0,0.0,0.0,0.0,0.0,0.0,0.0,2.9516703555652858e-05,2.9516703555652858e-05,0.0,0.0,0.0,0.0,0.0,0.0,0.0,0.0
MS141285QE_Hector_Lyden_VCAP_repeat,,,,,0.0,0.0,0.0,0.0,0.0,4.198429306760653e-05,0.0,0.0,0.0,0.0,0.0,2.2491547534412075e-05,2.2491547534412075e-05,0.0,0.0,0.0,0.0,0.0,0.0,0.0,0.0
MS14699QE_Bruno_Lyden_SAOS,,,,,0.0,0.0,0.0,4.210424253845272e-06,0.0,1.3842054543581466e-05,0.0,0.0,0.0,0.0,0.0,0.00015017484129833253,0.00015017484129833253,4.210424253845272e-06,0.0,0.0,0.0,0.0,0.0,4.210424253845272e-06,0.0
MS14699QE_Bruno_Lyden_SNPNDW,,,,,0.0,0.0,0.0,0.0,0.0,1.6670611091313637e-05,0.0,0.0,0.0,0.0,0.0,0.0,0.0,0.0,0.0,0.0,0.0,0.0,0.0,0.0,0.0
MS14699QE_Bruno_Lyden_U2OS,,,,,0.0,0.0,0.0,0.0,0.0,1.2707053379916863e-05,0.0,0.0,0.0,0.0,0.0,3.3310509364970346e-05,3.3310509364970346e-05,0.0,0.0,0.0,0.0,0.0,0.0,0.0,0.0
MS14722QE_Bruno_Lyden_HLIEC,,,,,8.541807451755618e-05,0.0,0.0,0.0,0.0,0.0,0.0,0.0,0.0,8.541807451755618e-05,0.0,0.00022252773213805166,0.0003079458066556079,0.0,0.0,0.0,0.0,0.0,0.0,0.0,0.0
MS14722QE_Bruno_Lyden_HT29,,,,,0.0,0.0,0.0,0.0,0.0,0.0,0.0,0.0,0.0,0.0,0.0,0.0009596427049304124,0.0009596427049304124,0.0,0.0,0.0,0.0,0.0,0.0,0.0,0.0
MS14722QE_Bruno_Lyden_SW620,,,,,0.0,5.938782878963976e-05,0.0,0.0,0.0,4.42811752071137e-05,0.0,9.270308500964338e-05,5.284215118691945e-06,0.0,0.0,0.00016373438861934375,0.0001690186037380357,0.00010966239155253243,5.938782878963976e-05,9.270308500964338e-05,9.270308500964338e-05,5.938782878963976e-05,0.00010966239155253243,0.0,0.0
MS14759QE_Bruno_Lyden_5B2_brain,,,,,0.0,0.0,0.0,0.0,0.0,1.3792070998675576e-05,0.0,0.0,0.0,0.0,0.0,0.0,0.0,0.0,0.0,0.0,0.0,0.0,0.0,0.0,0.0
MS14761QE_Hector_Lyden_HMeso,,,,,0.0,0.0,0.0,0.0,0.0,1.339466359797964e-05,0.0,2.271072257448966e-05,0.0,0.0,0.0,0.0,0.0,0.0,0.0,2.271072257448966e-05,2.271072257448966e-05,0.0,0.0,0.0,0.0
MS14761QE_Hector_Lyden_LP9,,,,,0.0,0.0,0.0,0.0,0.0,3.7274810937494994e-05,0.0,0.0,0.0,0.0,0.0,7.746606271506595e-05,7.746606271506595e-05,0.0,0.0,0.0,0.0,0.0,0.0,0.0,0.0
MS14761QE_Hector_Lyden_ORT,,,,,0.0,0.0,0.0,0.0,0.0,0.0,0.0,0.0,0.0,0.0,0.0,3.379069188508562e-06,3.379069188508562e-06,0.0,0.0,0.0,0.0,0.0,0.0,0.0,0.0
MS14761QE_Hector_Lyden_h2373,,,,,0.0,0.0,0.0,0.0,0.0,1.6376461633601578e-05,0.0,0.0,0.0,0.0,0.0,0.0,0.0,0.0,0.0,0.0,0.0,0.0,0.0,0.0,0.0
MS14787QE_Hector_Lyden_HGC27,,,,,0.00012477215488643624,0.00015771583109227275,5.257719796046829e-06,0.0,0.0,3.738398937832085e-05,0.0,2.944166379695437e-05,1.436073051985335e-05,0.00012477215488643624,0.0,0.0005015249383572201,0.0006406578237635097,3.483585616206624e-05,0.00015771583109227275,2.944166379695437e-05,2.944166379695437e-05,0.00015771583109227275,3.483585616206624e-05,0.0,0.0
MS14787QE_Hector_Lyden_LNCap,,,,,0.0,9.669013490263051e-05,0.0,0.0,0.0,0.0,0.0,0.0001573464293673877,0.0,0.0,0.0,0.00024298523977607153,0.00024298523977607153,5.455294125373266e-05,9.669013490263051e-05,0.0001573464293673877,0.0001573464293673877,9.669013490263051e-05,5.455294125373266e-05,0.0,0.0
MS14787QE_Hector_Lyden_WCMC-191,,,,,0.00010206616866672831,0.0001527382983220658,0.0,1.0126811912592663e-05,0.0,0.00017430496381676264,0.0,1.0653183233748395e-05,3.4017761134897996e-06,0.00010206616866672831,0.0,0.0001653328889258311,0.0002708008337060492,9.657855310969132e-05,0.0001527382983220658,1.0653183233748395e-05,1.0653183233748395e-05,0.0001527382983220658,8.645174119709865e-05,1.0126811912592663e-05,0.0
MS14837QE_Bruno_Lyden_AsPc1,,,,,0.0,0.0,0.0,0.0,0.0,0.0,0.0,7.740340787528691e-05,0.0,0.0,0.0,0.0,0.0,0.0,0.0,7.740340787528691e-05,7.740340787528691e-05,0.0,0.0,0.0,0.0
MS14837QE_Bruno_Lyden_PANC1,,,,,0.0,0.0,0.0,0.0,0.0,0.0,0.0,0.0,0.0,0.0,0.0,0.00014399181112116944,0.00014399181112116944,0.0,0.0,0.0,0.0,0.0,0.0,0.0,0.0
MS14866QE_Hector_Lyden_MEL01,,,,,0.0,0.0,0.0,0.0,0.0,0.0,0.0,9.242589027260342e-05,0.0,0.0,0.0,9.314277115759501e-05,9.314277115759501e-05,0.0,0.0,9.242589027260342e-05,9.242589027260342e-05,0.0,0.0,0.0,0.0
MS14866QE_Hector_Lyden_MEL176,,,,,3.31218603887553e-05,0.0,0.0,0.0,0.0,3.567344841499563e-05,0.0,0.0,0.0,3.31218603887553e-05,0.0,0.000354828774478076,0.0003879506348668313,0.0,0.0,0.0,0.0,0.0,0.0,0.0,0.0
MS14866QE_Hector_Lyden_MEL191,,,,,0.00015452481295421893,0.0,0.0,0.0,0.0,4.450296718046433e-05,0.0,0.0,0.0,0.00015452481295421893,0.0,0.0001800996030619752,0.0003346244160161941,0.0,0.0,0.0,0.0,0.0,0.0,0.0,0.0
MS14866QE_Hector_Lyden_MEL211,,,,,0.0,3.03907776816645e-05,0.0,0.0,0.0,1.2610768589124285e-05,0.0,2.1797255694612173e-05,0.0,0.0,0.0,0.00010165839765051318,0.00010165839765051318,0.0,3.03907776816645e-05,2.1797255694612173e-05,2.1797255694612173e-05,3.03907776816645e-05,0.0,0.0,0.0
MS14901QE_Bruno_Lyden_Kasumi-1,,,,,0.0,0.0,0.0,0.0,0.0,0.0001269852699602615,0.0,0.0,0.0,0.0,0.0,2.4926088773391966e-05,2.4926088773391966e-05,0.0,0.0,0.0,0.0,0.0,0.0,0.0,0.0
MS14901QE_Bruno_Lyden_OCI-AML3,,,,,0.0,0.0,0.0,0.0,0.0,0.00023339068470646862,0.0,0.0,0.0,0.0,0.0,0.0,0.0,0.0,0.0,0.0,0.0,0.0,0.0,0.0,0.0
MS151440QE_Bruno_Lyden_CCG9911_Wilms_tumor,,,,,3.0527454564100534e-05,0.00012659145583562641,0.0,0.0,0.0,0.00012162184516742829,0.0,4.211884231441078e-05,0.0,3.0527454564100534e-05,0.0,0.00027769557852391053,0.00030822303308801106,2.911724780749182e-05,0.00012659145583562641,4.211884231441078e-05,4.211884231441078e-05,0.00012659145583562641,2.911724780749182e-05,0.0,0.0
MS151510QE_Bruno_Lyden_Rhabdomysarcoma_CT10,,,,,2.9203361825208932e-05,0.0,0.0,0.0,0.0,0.00010059870317247545,0.0,0.0,0.0,2.9203361825208932e-05,0.0,0.0001285801392910122,0.00015778350111622115,1.3293284955575013e-05,0.0,0.0,0.0,0.0,1.3293284955575013e-05,0.0,0.0
MS151510QE_Bruno_Lyden_Rhabdomysarcoma_RD,,,,,4.061167066621313e-05,8.542211051854193e-06,0.0,0.0,0.0,7.236158605972956e-05,0.0,0.0,0.0,4.061167066621313e-05,0.0,0.00013295431336886334,0.00017356598403507647,1.4494970384658363e-05,8.542211051854193e-06,0.0,0.0,8.542211051854193e-06,1.4494970384658363e-05,0.0,0.0
MS151510QE_Bruno_Lyden_Wilms_tumor_CLS1,,,,,0.00012844719239999086,0.000147671004254179,0.0,0.0,0.0,8.449152357752491e-05,0.0,3.218570032815704e-05,0.0,0.00012844719239999086,0.0,0.00030583268369022566,0.0004342798760902165,0.00012539458134018985,0.000147671004254179,3.218570032815704e-05,3.218570032815704e-05,0.000147671004254179,0.00012539458134018985,0.0,0.0
MS151558QE_Bruno_Lyden_BC1,,,,,1.5232701576513907e-06,0.0,0.0,0.0,0.0,9.052606039838674e-06,0.0,0.00012760673447020687,0.0,1.5232701576513907e-06,3.361949179451592e-06,9.396318952884625e-05,9.884840886594922e-05,8.766489571920664e-06,0.0,0.00012760673447020687,0.00012760673447020687,0.0,8.766489571920664e-06,0.0,0.0
MS151558QE_Bruno_Lyden_BC2,,,,,6.981252446528041e-05,8.671498288765252e-05,1.0086997934848004e-05,2.3899814710441772e-05,7.895355644718734e-07,5.804766577114791e-06,7.895355644718734e-07,0.0001843728171361275,1.0086997934848004e-05,6.981252446528041e-05,7.663283550748573e-06,0.00028450227846994194,0.00037206508442081895,6.271756423801428e-05,8.671498288765252e-05,0.0001843728171361275,0.0001843728171361275,8.671498288765252e-05,3.8817749527572506e-05,2.3899814710441772e-05,0.0
MS151618QE_Bruno_Lyden_MEL1A,,,,,0.0,0.0,0.0,0.0,0.0,0.00019203204072874188,0.0,0.0,0.0,0.0,0.0,0.0,0.0,0.0,0.0,0.0,0.0,0.0,0.0,0.0,0.0
MS151618QE_Bruno_Lyden_MEL1B,,,,,0.0,0.0,0.0,0.0,0.0,0.00035963239694997715,0.0,0.0,0.0,0.0,0.0,2.163789073184112e-05,2.163789073184112e-05,0.0,0.0,0.0,0.0,0.0,0.0,0.0,0.0
MS151618QE_Bruno_Lyden_MEL2,,,,,0.0,0.0,0.0,0.0,0.0,0.00018361562076356976,0.0,0.0,0.0,0.0,0.0,0.0,0.0,0.0,0.0,0.0,0.0,0.0,0.0,0.0,0.0
MS151618QE_Bruno_Lyden_MEL3,,,,,0.0,0.0,0.0,0.0,0.0,0.0002646752947887262,0.0,0.0,0.0,0.0,0.0,0.0,0.0,0.0,0.0,0.0,0.0,0.0,0.0,0.0,0.0
MS151641QE_Bruno_Lyden_MDA-231-BR_YONEDA,,,,,0.0,2.9652050474672e-05,0.0,0.0,0.0,0.00015868073863985375,0.0,0.0,0.0,0.0,0.0,0.0,0.0,0.0,2.9652050474672e-05,0.0,0.0,2.9652050474672e-05,0.0,0.0,0.0
MS151670QE_Bruno_Lyden_HEK_WT,,,,,0.0,0.0,0.0,0.0,0.0,0.00021510421528576283,0.0,0.0,0.0,0.0,0.0,0.0,0.0,0.0,0.0,0.0,0.0,0.0,0.0,0.0,0.0
MS151670QE_Bruno_Lyden_MDA_WT,,,,,0.0,0.0,0.0,0.0,0.0,0.00037623862539150165,0.0,0.0,0.0,0.0,0.0,0.0,0.0,0.0,0.0,0.0,0.0,0.0,0.0,0.0,0.0
MS151726QE_Bruno_Lyden_Kelly,,,,,0.0,0.0,0.0,0.0,0.0,0.0,0.0,1.4091498837789204e-05,0.0,0.0,0.0,3.5138493755367614e-05,3.5138493755367614e-05,2.36852822015433e-06,0.0,1.4091498837789204e-05,1.4091498837789204e-05,0.0,2.36852822015433e-06,0.0,0.0
MS151726QE_Bruno_Lyden_bone_met_4,,,,,0.0,0.0,0.0,0.0,0.0,8.180797689930152e-05,0.0,0.0,0.0,0.0,0.0,7.240250468117871e-05,7.240250468117871e-05,3.345891213842229e-06,0.0,0.0,0.0,0.0,3.345891213842229e-06,0.0,0.0
MS151726QE_Bruno_Lyden_bone_met_5,,,,,0.0,4.586472748617891e-05,0.0005298809991812886,0.0,1.2094211677155932e-06,0.00015670442946260382,6.241571852154827e-06,5.032150684439234e-06,0.0005298809991812886,0.0,0.0,0.0002274001214927308,0.0007572811206740194,0.0,4.586472748617891e-05,0.0,0.0,4.586472748617891e-05,0.0,0.0,0.0
MS151767QE_Bruno_Lyden_4175_lung_tropic_1,,,,,0.0,0.0,0.0,0.0,0.0,6.322684977770296e-05,0.0,0.0,0.0,0.0,0.0,0.0,0.0,0.0,0.0,0.0,0.0,0.0,0.0,0.0,0.0
MS151767QE_Bruno_Lyden_4175_lung_tropic_2,,,,,0.0,0.0,0.0,0.0,0.0,0.0001499035225159544,0.0,0.0,0.0,0.0,0.0,0.0,0.0,0.0,0.0,0.0,0.0,0.0,0.0,0.0,0.0
MS151767QE_Bruno_Lyden_4175_lung_tropic_3,,,,,0.0,0.0,0.0,0.0,0.0,0.00010706646634836312,0.0,0.0,0.0,0.0,0.0,0.0,0.0,0.0,0.0,0.0,0.0,0.0,0.0,0.0,0.0
MS151767QE_Bruno_Lyden_HCT116_liver_tropic_1,,,,,0.0,0.0,0.0,0.0,0.0,4.8363760238571766e-05,0.0,0.0,0.0,0.0,0.0,0.0,0.0,7.353087457679545e-06,0.0,0.0,0.0,0.0,7.353087457679545e-06,0.0,0.0
MS151767QE_Bruno_Lyden_HCT116_liver_tropic_2,,,,,0.0,0.0,0.0,0.0,0.0,4.7616960815120566e-05,0.0,0.0,0.0,0.0,0.0,0.0,0.0,0.0,0.0,0.0,0.0,0.0,0.0,0.0,0.0
MS151767QE_Bruno_Lyden_HCT116_liver_tropic_3,,,,,0.0,0.0,0.0,0.0,0.0,4.2707304952562276e-05,0.0,0.0,0.0,0.0,0.0,0.0,0.0,0.0,0.0,0.0,0.0,0.0,0.0,0.0,0.0
MS151767QE_Bruno_Lyden_MDA_parental_1,,,,,0.0,0.0,0.0,0.0,0.0,8.312007847544566e-05,0.0,0.0,0.0,0.0,0.0,0.0,0.0,0.0,0.0,0.0,0.0,0.0,0.0,0.0,0.0
MS151767QE_Bruno_Lyden_MDA_parental_2,,,,,0.0,0.0,0.0,0.0,0.0,0.0001832982382168747,0.0,0.0,0.0,0.0,0.0,0.0,0.0,0.0,0.0,0.0,0.0,0.0,0.0,0.0,0.0
MS151767QE_Bruno_Lyden_MDA_parental_3,,,,,0.0,0.0,0.0,0.0,0.0,0.00014856009181465207,0.0,0.0,0.0,0.0,0.0,0.0,0.0,0.0,0.0,0.0,0.0,0.0,0.0,0.0,0.0
MS151767QE_Bruno_Lyden_Yoneda_brain_tropic_1,,,,,0.0,0.0,0.0,0.0,0.0,5.449211283271569e-05,0.0,0.0,0.0,0.0,0.0,0.0,0.0,0.0,0.0,0.0,0.0,0.0,0.0,0.0,0.0
MS151767QE_Bruno_Lyden_Yoneda_brain_tropic_2,,,,,0.0,0.0,0.0,0.0,0.0,0.00011090825144033766,0.0,0.0,0.0,0.0,0.0,0.0,0.0,0.0,0.0,0.0,0.0,0.0,0.0,0.0,0.0
MS151767QE_Bruno_Lyden_Yoneda_brain_tropic_3,,,,,0.0,0.0,0.0,0.0,0.0,8.494504266892434e-05,0.0,0.0,0.0,0.0,0.0,0.0,0.0,0.0,0.0,0.0,0.0,0.0,0.0,0.0,0.0
MS151786QE_Jonathan_Jarnagin_bile_130,,,,,5.072662044368868e-06,5.492374039061044e-05,0.0,0.0,0.0,0.0,0.0,2.1243218194400217e-05,0.0,5.072662044368868e-06,0.0,5.1299821516724586e-05,5.637248356109345e-05,4.508673407455107e-05,5.492374039061044e-05,2.1243218194400217e-05,2.1243218194400217e-05,5.492374039061044e-05,4.508673407455107e-05,0.0,0.0
MS151786QE_Jonathan_Jarnagin_bile_138,,,,,0.0,0.0,6.85995077304743e-05,0.0,0.0,6.28797027135789e-06,0.0,4.935437877606308e-05,8.278548260300095e-05,0.0,1.2837830013086167e-05,8.7180647408551e-05,0.00018280396002463812,6.378521076526798e-05,0.0,4.935437877606308e-05,4.935437877606308e-05,0.0,6.378521076526798e-05,0.0,0.0
MS151786QE_Jonathan_Jarnagin_bile_303,,,,,0.0,4.0490647079397504e-05,1.164393675194893e-05,0.0,0.0,0.0,0.0,1.1145154264378453e-05,1.164393675194893e-05,0.0,0.0,2.592949425961431e-06,1.423688617791036e-05,2.0520036872545853e-05,4.0490647079397504e-05,1.1145154264378453e-05,1.1145154264378453e-05,4.0490647079397504e-05,2.0520036872545853e-05,0.0,0.0
MS151786QE_Jonathan_Jarnagin_bile_320,,,,,0.0,3.134646890195873e-05,0.0,0.0,0.0,0.0,0.0,2.0797024953260054e-05,2.1410968836107172e-05,0.0,0.0,8.338341093317755e-06,2.9749309929424927e-05,7.995148648745355e-05,3.134646890195873e-05,2.0797024953260054e-05,2.0797024953260054e-05,3.134646890195873e-05,7.995148648745355e-05,0.0,0.0
MS151786QE_Jonathan_Jarnagin_bile_322,,,,,0.0,0.0,2.532907460549532e-05,0.0,0.0,0.0,0.0,3.4706434135707055e-05,4.5044189619569115e-05,0.0,1.9251522783760952e-05,1.2692555714942858e-05,7.698826811827293e-05,8.011091758359755e-05,0.0,3.4706434135707055e-05,3.4706434135707055e-05,0.0,8.011091758359755e-05,0.0,0.0
MS151786QE_Jonathan_Jarnagin_bile_330,,,,,0.0,0.0,0.0,0.0,0.0,0.0,0.0,0.0,0.0,0.0,0.0,3.1063637957112766e-05,3.1063637957112766e-05,0.0,0.0,0.0,0.0,0.0,0.0,0.0,0.0
MS151786QE_Jonathan_Jarnagin_bile_428,,,,,0.0,2.20832667231113e-05,0.0,0.0,0.0,0.0,0.0,6.426739658666869e-06,0.0,0.0,0.0,1.7916008820825498e-05,1.7916008820825498e-05,1.639464509458915e-05,2.20832667231113e-05,6.426739658666869e-06,6.426739658666869e-06,2.20832667231113e-05,1.639464509458915e-05,0.0,0.0
MS151786QE_Jonathan_Jarnagin_bile_440,,,,,0.0,4.3620624087933234e-05,0.0,0.0,0.0,0.0,0.0,6.502380152971625e-05,0.0,0.0,0.0,2.5996227970956995e-06,2.5996227970956995e-06,0.00016100299886973604,4.3620624087933234e-05,6.502380152971625e-05,6.502380152971625e-05,4.3620624087933234e-05,0.00016100299886973604,0.0,0.0
MS151786QE_Jonathan_Jarnagin_bile_449,,,,,0.0,6.32858515835472e-05,5.274661593559624e-05,0.0,0.0,0.0,0.0,3.693614267600692e-05,7.415642102789552e-05,0.0,0.0,3.189072838438607e-05,0.00010604714941228159,3.762059018291503e-05,6.32858515835472e-05,3.693614267600692e-05,3.693614267600692e-05,6.32858515835472e-05,3.762059018291503e-05,0.0,0.0
MS151786QE_Jonathan_Jarnagin_bile_453,,,,,6.797404773167695e-05,0.0004144422185831745,5.056685815991032e-05,0.0,8.053270172931249e-06,5.679931942105964e-05,8.053270172931249e-06,0.00010308280371045839,0.0002122191061125213,6.797404773167695e-05,1.6612063011828316e-05,0.0003866727916756555,0.000683478008531682,0.0003742467799888992,0.0004144422185831745,0.00010308280371045839,0.00010308280371045839,0.0004144422185831745,0.0003742467799888992,0.0,0.0
MS151786QE_Jonathan_Jarnagin_bile_463,,,,,1.853520235926991e-05,6.396135257471864e-05,0.0001563762682410886,0.0,0.0,0.0,0.0,5.635129581937666e-05,0.00020424752413497038,1.853520235926991e-05,3.7985373599226686e-05,0.00045845887130517153,0.0007192269713986385,3.7271672966707243e-06,6.396135257471864e-05,5.635129581937666e-05,5.635129581937666e-05,6.396135257471864e-05,3.7271672966707243e-06,0.0,0.0
MS151786QE_Jonathan_Jarnagin_bile_467,,,,,0.0,0.0,0.0,0.0,0.0,0.0,0.0,0.00014352536328597398,0.0,0.0,0.0,0.0,0.0,0.0,0.0,0.00014352536328597398,0.00014352536328597398,0.0,0.0,0.0,0.0
MS151786QE_Jonathan_Jarnagin_bile_468,,,,,0.0,0.0,0.0,0.0,0.0,0.0,0.0,0.0,0.0,0.0,0.0,0.00010584331448779337,0.00010584331448779337,4.22108578553986e-06,0.0,0.0,0.0,0.0,4.22108578553986e-06,0.0,0.0
MS151786QE_Jonathan_Jarnagin_bile_478,,,,,0.0,0.0,0.0,0.0,0.0,0.0,0.0,2.4984580015448e-05,0.0,0.0,0.0,2.1908028643615868e-05,2.1908028643615868e-05,8.766859496590774e-06,0.0,2.4984580015448e-05,2.4984580015448e-05,0.0,8.766859496590774e-06,0.0,0.0
MS151786QE_Jonathan_Jarnagin_bile_530,,,,,0.0,0.00015695601251277736,0.00010110143358567907,0.0,0.0,0.0,0.0,0.00019541622007221792,0.00017685851129854325,0.0,7.667970766448174e-05,6.85622851854268e-05,0.0003221005041484518,0.000460480859323539,0.00015695601251277736,0.00019541622007221792,0.00019541622007221792,0.00015695601251277736,0.000460480859323539,0.0,0.0
MS151786QE_Jonathan_Jarnagin_bile_93,,,,,0.0,0.0001402366221596329,7.996723804290273e-05,0.0,0.0,0.0,0.0,2.7992042218797684e-05,0.00011596768531987051,0.0,8.822787668775674e-06,0.00021339477581887108,0.0003381852488075173,3.836725947296527e-05,0.0001402366221596329,2.7992042218797684e-05,2.7992042218797684e-05,0.0001402366221596329,3.836725947296527e-05,0.0,0.0
MS151786QE_Jonathan_Jarnagin_bile_94,,,,,3.618203626471639e-05,0.00010874367800800868,2.8941229642991993e-05,0.0,0.0,0.0,0.0,9.452115360690333e-05,8.026496330445465e-05,3.618203626471639e-05,5.1470379287500035e-05,0.0003334958493961108,0.0005014132282527818,6.40018739588458e-05,0.00010874367800800868,9.452115360690333e-05,9.452115360690333e-05,0.00010874367800800868,6.40018739588458e-05,0.0,0.0
MS151831QE_Bruno_Lyden_MDA-MB-468_repeat,,,,,0.00022369650874843437,0.0001150617885315547,3.96329027937154e-06,0.0,3.604894892334048e-05,7.568816485524875e-05,3.604894892334048e-05,4.2932716506355456e-05,3.96329027937154e-06,0.00022369650874843437,0.0,0.000451446150094802,0.0006791059491226079,3.33005315519334e-05,0.0001150617885315547,4.2932716506355456e-05,4.2932716506355456e-05,0.0001150617885315547,3.33005315519334e-05,0.0,0.0
MS151831QE_Bruno_Lyden_MDA_MB_468,,,,,0.00014384172950116604,8.850597814551976e-05,0.0,0.0,0.0,0.0002627964287671314,0.0,0.0,0.0,0.00014384172950116604,0.0,0.00018360856107783196,0.000327450290578998,1.6079347792334042e-05,8.850597814551976e-05,0.0,0.0,8.850597814551976e-05,1.6079347792334042e-05,0.0,0.0
MS151860QE_Bruno_Lyden_1_prostate,,,,,8.042122346318701e-05,0.0,0.0,0.0,0.0,0.0,0.0,0.0,0.0,8.042122346318701e-05,0.0,0.0012993906634791322,0.0013798118869423192,0.0,0.0,0.0,0.0,0.0,0.0,0.0,0.0
MS151860QE_Bruno_Lyden_2_kidney,,,,,0.000519238578164732,0.0,0.0,0.0,0.0,0.0,0.0,0.0,0.0,0.000519238578164732,0.0,0.001980759435719946,0.0024999980138846784,0.0,0.0,0.0,0.0,0.0,0.0,0.0,0.0
MS151860QE_Bruno_Lyden_3_lung,,,,,0.0003449442798851628,0.0,7.736837223164279e-05,0.0,0.0,1.2864174822154441e-05,0.0,0.0,7.736837223164279e-05,0.0003449442798851628,0.0,0.0011444261223650552,0.0015667387744818608,0.0,0.0,0.0,0.0,0.0,0.0,0.0,0.0
MS151860QE_Bruno_Lyden_4_normal,,,,,0.0006612749935254636,0.0,3.559321553533247e-05,0.0,0.0,6.145642133657662e-05,0.0,0.0,3.559321553533247e-05,0.0006612749935254636,0.0,0.0020978296430107764,0.0027946978520715727,0.0,0.0,0.0,0.0,0.0,0.0,0.0,0.0
MS151860QE_Bruno_Lyden_5_breast,,,,,0.0006706370644396017,0.0,0.00014836489825395804,0.0,0.0,4.935602236459558e-05,0.0,0.0,0.00014836489825395804,0.0006706370644396017,0.0,0.003462707664647882,0.004281709627341442,0.0,0.0,0.0,0.0,0.0,0.0,0.0,0.0
MS151860QE_Bruno_Lyden_6_osteosarcoma,,,,,0.0004782635609479538,0.0,0.0001092034321950231,0.0,0.0,0.00011139018401252335,0.0,0.0,0.0001092034321950231,0.0004782635609479538,0.0,0.0023918967323769322,0.002979363725519909,0.0,0.0,0.0,0.0,0.0,0.0,0.0,0.0
MS151936QE_Bruno_Lyden_Nalm6,,,,,0.0,0.0,0.0,0.0,0.0,0.0,0.0,0.0,0.0,0.0,0.0,1.8596594948916497e-05,1.8596594948916497e-05,0.0,0.0,0.0,0.0,0.0,0.0,0.0,0.0
MS152035QE_Bruno_Lyden_1833_bone_tropic_1,,,,,0.0,0.0,0.0,0.0,0.0,0.0001099563760752871,0.0,0.0,0.0,0.0,0.0,0.0,0.0,0.0,0.0,0.0,0.0,0.0,0.0,0.0,0.0
MS152035QE_Bruno_Lyden_1833_bone_tropic_1_b,,,,,0.0,1.2601586983916206e-05,0.0,0.0,0.0,0.00010838627123232293,0.0,0.0,0.0,0.0,0.0,0.0,0.0,3.730336599758501e-06,1.2601586983916206e-05,0.0,0.0,1.2601586983916206e-05,3.730336599758501e-06,0.0,0.0
MS152035QE_Bruno_Lyden_1833_bone_tropic_2,,,,,0.0,0.0,0.0,0.0,0.0,8.534244668484034e-05,0.0,0.0,0.0,0.0,0.0,0.0,0.0,0.0,0.0,0.0,0.0,0.0,0.0,0.0,0.0
MS152035QE_Bruno_Lyden_1833_bone_tropic_2_b,,,,,0.0,0.0,0.0,0.0,0.0,0.0001446896352024105,0.0,0.0,0.0,0.0,0.0,1.0599546769228717e-05,1.0599546769228717e-05,3.4203870027784495e-06,0.0,0.0,0.0,0.0,3.4203870027784495e-06,0.0,0.0
MS152035QE_Bruno_Lyden_1833_bone_tropic_3,,,,,0.0,1.9465780970976705e-05,0.0,0.0,0.0,0.00014527495969438015,0.0,0.0,0.0,0.0,0.0,0.0,0.0,0.0,1.9465780970976705e-05,0.0,0.0,1.9465780970976705e-05,0.0,0.0,0.0
MS152035QE_Bruno_Lyden_1833_bone_tropic_3_b,,,,,0.0,0.0,0.0,0.0,0.0,8.376964056510475e-05,0.0,3.0962666965258785e-06,0.0,0.0,0.0,0.0,0.0,2.795745712623065e-06,0.0,3.0962666965258785e-06,3.0962666965258785e-06,0.0,2.795745712623065e-06,0.0,0.0
MS152072QEp_Jonathan_Jarnagin_patient1_RB_pancreas_tumor,,,,,0.0,0.0,0.0,0.0,0.0,7.542142340863459e-05,0.0,0.0,0.0,0.0,0.0,7.382035327129752e-05,7.382035327129752e-05,0.0,0.0,0.0,0.0,0.0,0.0,0.0,0.0
MS152072QEp_Jonathan_Jarnagin_patient2_NS_liver,,,,,0.0,0.0,1.6835369935750128e-05,0.0,0.0,0.0,0.0,0.0,1.6835369935750128e-05,0.0,0.0,0.00025420431971562876,0.0002710396896513789,0.0,0.0,0.0,0.0,0.0,0.0,0.0,0.0
MS152072QEp_Jonathan_Jarnagin_patient2_NS_pancreas_tumor,,,,,0.0,4.453249582376985e-05,0.0,0.0,0.0,0.00011037824165244746,0.0,0.0,0.0,0.0,0.0,0.00017442720691403224,0.00017442720691403224,0.0,4.453249582376985e-05,0.0,0.0,4.453249582376985e-05,0.0,0.0,0.0
MS152072QEp_Jonathan_Jarnagin_patient3_JD_liver,,,,,2.456158491252641e-05,0.0,2.2543139343966776e-05,0.0,0.0,0.0,0.0,0.0,2.2543139343966776e-05,2.456158491252641e-05,0.0,0.0006088366839179146,0.0006559414081744077,0.0,0.0,0.0,0.0,0.0,0.0,0.0,0.0
MS152072QEp_Jonathan_Jarnagin_patient3_JD_pancreas_tumor,,,,,0.0,0.0,0.0,0.0,0.0,9.24422963144353e-05,0.0,0.0,0.0,0.0,0.0,2.744089161197194e-05,2.744089161197194e-05,0.0,0.0,0.0,0.0,0.0,0.0,0.0,0.0
MS152072QEp_Jonathan_Jarnagin_patient5_VC_liver,,,,,0.0,0.0,0.0,0.0,0.0,0.0,0.0,0.0,0.0,0.0,0.0,2.056120849726234e-05,2.056120849726234e-05,0.0,0.0,0.0,0.0,0.0,0.0,0.0,0.0
MS152072QEp_Jonathan_Jarnagin_patient5_VC_pancreas_duct,,,,,0.0,0.00011697126264398968,6.249703235279673e-05,0.0,0.0,0.0,0.0,8.740070195618068e-05,7.665448552607501e-05,0.0,9.604892572032399e-05,0.00032044796862154296,0.000493151379867942,0.00020812817376659893,0.00011697126264398968,8.740070195618068e-05,8.740070195618068e-05,0.00011697126264398968,0.00020812817376659893,0.0,0.0
MS162175QEp_Bruno_Lyden_CF37,,,,,0.0,0.0,0.0,0.0,0.0,0.0,0.0,0.0,0.0,0.0,0.0,5.176123763882676e-06,5.176123763882676e-06,0.0,0.0,0.0,0.0,0.0,0.0,0.0,0.0
MS162175QEp_Bruno_Lyden_CF5,,,,,0.0,0.0,0.0,0.0,0.0,0.0,0.0,0.0,0.0,0.0,0.0,2.4951255724593213e-05,2.4951255724593213e-05,0.0,0.0,0.0,0.0,0.0,0.0,0.0,0.0
MS162268QEp_Bruno_Lyden_PBMC,,,,,0.0,0.0,0.0,0.0,9.273989099163538e-06,0.0,9.273989099163538e-06,7.926300902543088e-06,0.0,0.0,0.0,4.281637605096726e-05,4.281637605096726e-05,0.0,0.0,7.926300902543088e-06,7.926300902543088e-06,0.0,0.0,0.0,0.0
MS162299QEp_Bruno_Lyden_SKNHM_2ndrun,,,,,0.0,3.7249270072485936e-05,0.0,0.0,0.0,8.745693909978337e-05,0.0,1.986821282631735e-05,0.0,0.0,1.7976838473715604e-05,0.0004500434523401201,0.00046802029081383567,3.97254903356993e-05,3.7249270072485936e-05,1.986821282631735e-05,1.986821282631735e-05,3.7249270072485936e-05,3.97254903356993e-05,0.0,0.0
MS162299QEp_Bruno_Lyden_SKNJC2_2ndrun,,,,,3.2176487640645445e-05,0.00011578683186138402,0.0,0.0,0.0,0.00013530995426254468,0.0,6.99242421184957e-05,0.0,3.2176487640645445e-05,0.0,0.00063125047429716,0.0006634269619378055,0.00010180560460521769,0.00011578683186138402,6.99242421184957e-05,6.99242421184957e-05,0.00011578683186138402,0.00010180560460521769,0.0,0.0
MS162311QEp_Bruno_Lyden_OSA_2ndrun,,,,,0.0,0.0,0.0,0.0,0.0,2.8921688053118173e-05,0.0,1.2906080866928645e-05,0.0,0.0,0.0,5.756761863197112e-05,5.756761863197112e-05,1.3935296110870718e-06,0.0,1.2906080866928645e-05,1.2906080866928645e-05,0.0,1.3935296110870718e-06,0.0,0.0
MS162429QEp_Ayuko_Lyden_CHLA15,,,,,0.0,0.0,0.0,0.0,0.0,3.390901046460477e-05,0.0,1.2480109407782827e-05,0.0,0.0,0.0,8.083894883928133e-05,8.083894883928133e-05,1.709707787924275e-05,0.0,1.2480109407782827e-05,1.2480109407782827e-05,0.0,1.709707787924275e-05,0.0,0.0
MS162429QEp_Ayuko_Lyden_CHLA20,,,,,0.0,0.0,0.0,0.0,0.0,4.247077344404729e-05,0.0,2.6122489716859063e-05,0.0,0.0,0.0,0.00014991447252608192,0.00014991447252608192,2.115105324426429e-05,0.0,2.6122489716859063e-05,2.6122489716859063e-05,0.0,2.115105324426429e-05,0.0,0.0
MS162509QEp_Ayuko_Lyden_SKNHM-BT1,,,,,0.0,0.0,0.0,0.0,0.0,6.986823600714331e-05,0.0,0.0,0.0,0.0,0.0,0.0,0.0,0.0,0.0,0.0,0.0,0.0,0.0,0.0,0.0
MS162600QEp_Ayuko_Lyden_TS_MD,,,,,0.0,0.0,0.0,0.0,0.0,0.0001667285671355545,0.0,0.0,0.0,0.0,0.0,0.0,0.0,0.0,0.0,0.0,0.0,0.0,0.0,0.0,0.0
MS162600QEp_Ayuko_Lyden_TS_diff,,,,,0.0,0.0,0.0,0.0,8.151192835470931e-06,0.0001310830507103354,8.151192835470931e-06,1.3645877790155848e-05,0.0,0.0,0.0,0.0,0.0,3.4632497611968646e-06,0.0,1.3645877790155848e-05,1.3645877790155848e-05,0.0,3.4632497611968646e-06,0.0,0.0
MS162639QEp_Ayuko_Lyden_parental_a,,,,,0.0,0.0,0.0,0.0,0.0,8.961712562195759e-05,0.0,0.0,0.0,0.0,0.0,0.0,0.0,0.0,0.0,0.0,0.0,0.0,0.0,0.0,0.0
MS162642QEp_Ayuko_Lyden_5666,,,,,3.0086636877421853e-05,0.0,0.0,0.0,0.0,3.28709591263057e-05,0.0,1.2355005090333345e-05,0.0,3.0086636877421853e-05,0.0,0.00010431280458833233,0.0001343994414657542,0.0,0.0,1.2355005090333345e-05,1.2355005090333345e-05,0.0,0.0,0.0,0.0
MS162642QEp_Ayuko_Lyden_5667,,,,,1.7238386209376427e-05,0.0,0.0,0.0,4.952671172700063e-06,6.093395228649325e-05,4.952671172700063e-06,0.0,0.0,1.7238386209376427e-05,0.0,0.00011295379688965519,0.00013019218309903163,0.0,0.0,0.0,0.0,0.0,0.0,0.0,0.0
MS162642QEp_Ayuko_Lyden_6061,,,,,7.323780438125356e-05,0.0,0.0,0.0,0.0,0.00010262491424061477,0.0,0.0,0.0,7.323780438125356e-05,0.0,5.203140757122737e-05,0.0001252692119524809,0.0,0.0,0.0,0.0,0.0,0.0,0.0,0.0
MS162694QEp_Ayuko_Lyden_HepD_liver,,,,,0.0,0.0,0.0,0.0,0.0,4.3558023739792906e-05,0.0,0.0,0.0,0.0,0.0,0.00022665241086926942,0.00022665241086926942,0.0,0.0,0.0,0.0,0.0,0.0,0.0,0.0
MS162763QEp_Jonathan_Jarnagin_21CS,,,,,0.0,1.2198969659865711e-05,0.0,0.0,0.0,6.594360467420655e-06,0.0,0.00023975069525664913,0.0,0.0,0.0,0.0,0.0,0.0,1.2198969659865711e-05,0.00023975069525664913,0.00023975069525664913,1.2198969659865711e-05,0.0,0.0,0.0
MS162763QEp_Jonathan_Jarnagin_23SS,,,,,0.0,0.0,0.0,0.0,0.0,0.0,0.0,0.0,0.0,0.0,0.0,0.00013986309605205032,0.00013986309605205032,0.0,0.0,0.0,0.0,0.0,0.0,0.0,0.0
MS162763QEp_Jonathan_Jarnagin_27YG,,,,,0.0,0.0,0.0,0.0,0.0,0.0,0.0,0.0,0.0,0.0,0.0,0.0001837760796476775,0.0001837760796476775,0.0,0.0,0.0,0.0,0.0,0.0,0.0,0.0
MS162763QEp_Jonathan_Jarnagin_29AD,,,,,0.0,0.0,0.0,0.0,0.0,1.1382665127259422e-05,0.0,0.0,0.0,0.0,0.0,4.646822425553619e-05,4.646822425553619e-05,0.0,0.0,0.0,0.0,0.0,0.0,0.0,0.0
MS162763QEp_Jonathan_Jarnagin_32AG,,,,,0.0,0.0,0.0,0.0,0.0,0.0,0.0,0.00037018592714476096,0.0,0.0,0.0,0.0,0.0,0.0,0.0,0.00037018592714476096,0.00037018592714476096,0.0,0.0,0.0,0.0
MS162781QEp_Ayuko_Lyden_10537,,,,,0.0,0.0,0.0,0.0,0.0,0.0,0.0,0.0,0.0,0.0,0.0,4.155142078344813e-06,4.155142078344813e-06,0.0,0.0,0.0,0.0,0.0,0.0,0.0,0.0
MS162781QEp_Ayuko_Lyden_10568,,,,,0.0,0.0,0.0,0.0,0.0,0.0,0.0,0.0,0.0,0.0,0.0,6.015226217506664e-06,6.015226217506664e-06,0.0,0.0,0.0,0.0,0.0,0.0,0.0,0.0
MS162781QEp_Ayuko_Lyden_10690,,,,,0.0,0.0,0.0,0.0,0.0,0.0,0.0,0.0,0.0,0.0,0.0,9.791219350932762e-07,9.791219350932762e-07,0.0,0.0,0.0,0.0,0.0,0.0,0.0,0.0
MS162781QEp_Ayuko_Lyden_control_IM,,,,,0.0,0.0,0.0,0.0,0.0,0.0,0.0,0.0,0.0,0.0,0.0,1.6681140188640798e-05,1.6681140188640798e-05,0.0,0.0,0.0,0.0,0.0,0.0,0.0,0.0
MS162824QEp_Ayuko_Lyden_lung_cancer_bone_met_15,,,,,0.0002261562314394659,0.0,0.0,0.0,0.0,0.00020565532846909904,0.0,0.0,0.0,0.0002261562314394659,0.0,4.5792553442537626e-05,0.0002719487848820035,0.0,0.0,0.0,0.0,0.0,0.0,0.0,0.0
MS162824QEp_Ayuko_Lyden_lung_cancer_bone_met_16,,,,,2.4239758230909113e-05,6.574713044107274e-06,0.0,0.0,5.037369075229267e-06,4.795708027301933e-05,5.037369075229267e-06,3.3221531968439313e-06,0.0,2.4239758230909113e-05,0.0,4.8354820276037265e-05,7.259457850694637e-05,2.2813523447105125e-05,6.574713044107274e-06,3.3221531968439313e-06,3.3221531968439313e-06,6.574713044107274e-06,2.2813523447105125e-05,0.0,0.0
MS162858LUM_ayuko_lyden_WERI_Easysprayer-1h-OT_a,,,,,0.0,0.0,0.0,0.0,0.0,7.528434297191407e-05,0.0,0.0,0.0,0.0,0.0,0.0,0.0,0.0,0.0,0.0,0.0,0.0,0.0,0.0,0.0
MS162858QEp_Ayuko_Lyden_WERI,,,,,0.0,0.0,0.0,0.0,0.0,9.033015479389473e-05,0.0,0.0,0.0,0.0,0.0,2.690511248315998e-05,2.690511248315998e-05,0.0,0.0,0.0,0.0,0.0,0.0,0.0,0.0
MS162858QEp_Ayuko_Lyden_Y79,,,,,0.0,0.0,0.0,0.0,0.0,9.104079341975073e-05,0.0,0.0,0.0,0.0,0.0,4.3547087487478655e-05,4.3547087487478655e-05,0.0,0.0,0.0,0.0,0.0,0.0,0.0,0.0
MS162879QEp_Ayuko_Lyden_WE002_normal,,,,,0.0,0.0,0.0,0.0,2.7047638843784477e-06,6.804941965804127e-05,2.7047638843784477e-06,9.27278052326245e-06,0.0,0.0,0.0,3.6061665504708984e-05,3.6061665504708984e-05,0.0,0.0,9.27278052326245e-06,9.27278052326245e-06,0.0,0.0,0.0,0.0
MS162879QEp_Ayuko_Lyden_WE002_tumor,,,,,2.4045656373396378e-06,0.0,0.0,0.0,4.983295644304334e-06,6.622350257122858e-05,4.983295644304334e-06,0.0,0.0,2.4045656373396378e-06,0.0,8.812430348259796e-05,9.05288691199376e-05,0.0,0.0,0.0,0.0,0.0,0.0,0.0,0.0
MS162879QEp_Ayuko_Lyden_WE004_tumor,,,,,9.356669299068107e-05,0.0,0.0,0.0,0.0,0.00018233850918753362,0.0,0.0,0.0,9.356669299068107e-05,0.0,0.00014447602559921087,0.00023804271858989193,0.0,0.0,0.0,0.0,0.0,0.0,0.0,0.0
MS162879QEp_Ayuko_Lyden_WE005_tumor,,,,,0.00010362111154134694,0.0,0.0,0.0,4.333413317096287e-06,8.00923652575004e-05,4.333413317096287e-06,2.8976163787478754e-06,0.0,0.00010362111154134694,0.0,6.888820998129058e-05,0.0001725093215226375,0.0,0.0,2.8976163787478754e-06,2.8976163787478754e-06,0.0,0.0,0.0,0.0
MS172982QEp_Ayuko_Lyden_MCF_10CA_1D,,,,,0.0,0.0,0.0,0.0,0.0,8.825663806317318e-06,0.0,0.0,0.0,0.0,0.0,9.029513954168887e-06,9.029513954168887e-06,0.0,0.0,0.0,0.0,0.0,0.0,0.0,0.0
MS172982QEp_Ayuko_Lyden_N253_LEP,,,,,2.9708514229048172e-05,0.0,0.0,0.0,0.0,5.017683107443347e-05,0.0,0.0,0.0,2.9708514229048172e-05,0.0,0.0014565057146800353,0.0014862142289090833,0.0,0.0,0.0,0.0,0.0,0.0,0.0,0.0
MS172982QEp_Ayuko_Lyden_N253_MEP,,,,,2.1638460934646224e-05,0.0,0.0,0.0,0.0,3.664516800510752e-05,0.0,0.0,0.0,2.1638460934646224e-05,0.0,0.0013058047816184087,0.0013274432425530549,0.0,0.0,0.0,0.0,0.0,0.0,0.0,0.0
MS172982QEp_Ayuko_Lyden_N255_MEP,,,,,1.7987309644725302e-05,0.0,0.0,0.0,0.0,4.2518421774482834e-05,0.0,0.0,0.0,1.7987309644725302e-05,0.0,0.0019449395783415922,0.0019629268879863175,0.0,0.0,0.0,0.0,0.0,0.0,0.0,0.0
MS172982QEp_Ayuko_Lyden_N274_MEP,,,,,6.232580204657696e-05,0.0,0.0,0.0,0.0,2.4818677318505924e-05,0.0,0.0,0.0,6.232580204657696e-05,0.0,0.002414502422272741,0.002476828224319318,0.0,0.0,0.0,0.0,0.0,0.0,0.0,0.0
MS172982QEp_Ayuko_Lyden_N274_fibroblast,,,,,3.770728652786607e-06,0.0,0.0,0.0,0.0,7.853061304503412e-06,0.0,0.0,0.0,3.770728652786607e-06,0.0,0.00022111235045165146,0.00022488307910443806,0.0,0.0,0.0,0.0,0.0,0.0,0.0,0.0
MS173080QEp_Ayuko_Lyden_10CF_tumor_pancreas,,,,,0.0,4.633446596644612e-05,0.0,0.0,0.0,4.5934057811029724e-05,0.0,7.941699327907046e-05,0.0,0.0,0.0,3.4267948570213665e-05,3.4267948570213665e-05,0.0,4.633446596644612e-05,7.941699327907046e-05,7.941699327907046e-05,4.633446596644612e-05,0.0,0.0,0.0
MS173080QEp_Ayuko_Lyden_11DB_tumor_pancreas,,,,,0.0,0.0,0.0,0.0,0.0,0.00021162823644135147,0.0,1.2281439885580037e-05,0.0,0.0,0.0,5.714735710509826e-05,5.714735710509826e-05,0.0,0.0,1.2281439885580037e-05,1.2281439885580037e-05,0.0,0.0,0.0,0.0
MS173080QEp_Ayuko_Lyden_37IL_normal_pancreas,,,,,0.0,0.0,0.0,0.0,0.0,0.0,0.0,0.0,0.0,0.0,0.0,0.0011134856786927706,0.0011134856786927706,0.0,0.0,0.0,0.0,0.0,0.0,0.0,0.0
MS173080QEp_Ayuko_Lyden_41_tumor_pancreas,,,,,0.0,0.0,0.0,0.0,0.0,8.410530777858178e-05,0.0,0.0,0.0,0.0,0.0,1.7359335934192394e-05,1.7359335934192394e-05,0.0,0.0,0.0,0.0,0.0,0.0,0.0,0.0
MS173080QEp_Ayuko_Lyden_42_normal_pancreas,,,,,0.0,0.0,0.0,0.0,0.0,0.0,0.0,9.417334118853982e-05,0.0,0.0,0.0,0.0,0.0,0.0,0.0,9.417334118853982e-05,9.417334118853982e-05,0.0,0.0,0.0,0.0
MS173080QEp_Ayuko_Lyden_42_tumor_pancreas,,,,,0.0,0.0,0.0,0.0,0.0,0.0,0.0,0.00032470950545721857,0.0,0.0,0.0,0.0,0.0,0.0,0.0,0.00032470950545721857,0.00032470950545721857,0.0,0.0,0.0,0.0
MS173080QEp_Ayuko_Lyden_43_normal_pancreas,,,,,0.0,0.0,0.0,0.0,0.0,0.0,0.0,0.0,0.0,0.0,0.0,9.837732223993214e-05,9.837732223993214e-05,0.0,0.0,0.0,0.0,0.0,0.0,0.0,0.0
MS173080QEp_Ayuko_Lyden_43_tumor_pancreas,,,,,0.0001386970718191462,0.0,0.0,0.0,0.0,2.0550844409899216e-05,0.0,3.6345377830204716e-06,0.0,0.0001386970718191462,0.0,3.8796855465762985e-05,0.00017749392728490915,0.0,0.0,3.6345377830204716e-06,3.6345377830204716e-06,0.0,0.0,0.0,0.0
MS173080QEp_Ayuko_Lyden_45ID_benign_cyst,,,,,2.8324789874792765e-05,1.2326037128519804e-05,0.0,0.0,0.0,7.730963203834553e-05,0.0,7.915047971961546e-05,0.0,2.8324789874792765e-05,0.0,0.0002618801661466172,0.00029020495602140995,0.0,1.2326037128519804e-05,7.915047971961546e-05,7.915047971961546e-05,1.2326037128519804e-05,0.0,0.0,0.0
MS173080QEp_Ayuko_Lyden_45ID_benign_normal,,,,,0.0,0.0,0.0,0.0,0.0,0.0,0.0,9.061655464719707e-05,0.0,0.0,0.0,0.0,0.0,0.0,0.0,9.061655464719707e-05,9.061655464719707e-05,0.0,0.0,0.0,0.0
MS173080QEp_Ayuko_Lyden_9CF_normal_pancreas,,,,,1.5207406345089877e-05,0.0,3.9791774801894055e-06,0.0,9.208204836455419e-06,1.429757483667138e-05,9.208204836455419e-06,1.211305002210602e-05,3.9791774801894055e-06,1.5207406345089877e-05,0.0,0.00010981460993605739,0.00012900119376133668,0.0,0.0,1.211305002210602e-05,1.211305002210602e-05,0.0,0.0,0.0,0.0
MS173080QEp_Ayuko_Lyden_9CF_tumor_pancreas,,,,,0.0,0.0,0.0,0.0,0.0,0.0001304482891589236,0.0,1.6744187730241482e-05,0.0,0.0,0.0,2.9651868461039405e-05,2.9651868461039405e-05,0.0,0.0,1.6744187730241482e-05,1.6744187730241482e-05,0.0,0.0,0.0,0.0
MS173176QEp_Ayuko_Lyden_P01-001-T01,,,,,3.756419845077096e-05,0.0,0.0,0.0,0.0,2.0840856341911485e-05,0.0,0.0,0.0,3.756419845077096e-05,0.0,0.00035958322876141044,0.0003971474272121814,3.2703219726701783e-06,0.0,0.0,0.0,0.0,3.2703219726701783e-06,0.0,0.0
MS173176QEp_Ayuko_Lyden_P01-001-T03,,,,,0.0,0.0,0.0,0.0,0.0,0.0,0.0,0.0,0.0,0.0,0.0,1.6284821260379708e-05,1.6284821260379708e-05,0.0,0.0,0.0,0.0,0.0,0.0,0.0,0.0
MS173176QEp_Ayuko_Lyden_P01-002-T01,,,,,0.0,0.0,0.0,0.0,0.0,6.085807266683321e-05,0.0,1.1681166617996839e-05,0.0,0.0,0.0,0.00016036681230118877,0.00016036681230118877,0.0,0.0,1.1681166617996839e-05,1.1681166617996839e-05,0.0,0.0,0.0,0.0
MS173176QEp_Ayuko_Lyden_P01-005-NT01,,,,,1.4143400057478959e-05,0.0,0.0,0.0,0.0,5.329842763927519e-05,0.0,4.809234566604828e-05,0.0,1.4143400057478959e-05,4.6978381480790765e-06,0.00040681028957735896,0.000425651527782917,0.0,0.0,4.809234566604828e-05,4.809234566604828e-05,0.0,0.0,0.0,0.0
MS173176QEp_Ayuko_Lyden_P01-005-T01,,,,,0.0,0.0,0.0,0.0,0.0,0.0,0.0,0.0,0.0,0.0,0.0,9.37943444932326e-06,9.37943444932326e-06,0.0,0.0,0.0,0.0,0.0,0.0,0.0,0.0
MS173259QEp_Ayuko_Lyden_P01-006-T02,,,,,0.0,0.0,0.0,0.0,0.0,0.0,0.0,0.0,0.0,0.0,0.0,1.792700188180466e-05,1.792700188180466e-05,0.0,0.0,0.0,0.0,0.0,0.0,0.0,0.0
MS173259QEp_Ayuko_Lyden_P01-007-NK,,,,,0.0,0.0,0.0,0.0,0.0,2.040589372559938e-06,0.0,0.0,0.0,0.0,0.0,1.4412001851193419e-05,1.4412001851193419e-05,0.0,0.0,0.0,0.0,0.0,0.0,0.0,0.0
MS173259QEp_Ayuko_Lyden_P01-007-T01,,,,,0.0,0.0,0.0,0.0,0.0,1.4723938544929882e-05,0.0,9.712168910016915e-06,0.0,0.0,0.0,3.0124599103012525e-05,3.0124599103012525e-05,0.0,0.0,9.712168910016915e-06,9.712168910016915e-06,0.0,0.0,0.0,0.0
MS173259QEp_Ayuko_Lyden_P01-008-T01,,,,,0.0,0.0,0.0,1.862271546264527e-05,0.0,0.0002931055539788754,0.0,0.0,0.0,0.0,0.0,0.0,0.0,1.862271546264527e-05,0.0,0.0,0.0,0.0,0.0,1.862271546264527e-05,0.0
MS173259QEp_Ayuko_Lyden_P01-009-T01,,,,,0.0,0.0,0.0,0.0,0.0,5.081142411749926e-06,0.0,0.0,0.0,0.0,0.0,1.796731829081554e-05,1.796731829081554e-05,0.0,0.0,0.0,0.0,0.0,0.0,0.0,0.0
MS173259QEp_Ayuko_Lyden_P01-010-T01,,,,,0.0,0.0,0.0,2.471101318536745e-06,0.0,6.837552270947421e-05,0.0,0.0,0.0,0.0,0.0,5.905723420505714e-05,5.905723420505714e-05,2.471101318536745e-06,0.0,0.0,0.0,0.0,0.0,2.471101318536745e-06,0.0
MS173259QEp_Ayuko_Lyden_P01-012-T01,,,,,0.0,0.0,0.0,0.0,0.0,0.00031533510150574747,0.0,0.0,0.0,0.0,0.0,0.0002692644838261837,0.0002692644838261837,0.0,0.0,0.0,0.0,0.0,0.0,0.0,0.0
MS173259QEp_Ayuko_Lyden_P01-015-T01,,,,,3.800507886147983e-05,0.0,1.8316316681641375e-05,8.726789888219178e-06,0.0,7.514000275979249e-05,0.0,0.0,1.8316316681641375e-05,3.800507886147983e-05,0.0,0.0011009204784984208,0.001157241874041542,8.726789888219178e-06,0.0,0.0,0.0,0.0,0.0,8.726789888219178e-06,0.0
MS173259QEp_Ayuko_Lyden_P01-016-T01,,,,,0.0,0.0,0.0,0.0,0.0,2.2254876788051357e-05,0.0,0.0,0.0,0.0,0.0,0.0,0.0,0.0,0.0,0.0,0.0,0.0,0.0,0.0,0.0
MS173259QEp_Ayuko_Lyden_P01-017-T01,,,,,0.0,0.0,0.0,2.6038929452424524e-05,0.0,0.00024014025521326736,0.0,1.8628197842321375e-05,0.0,0.0,0.0,7.820685472783521e-05,7.820685472783521e-05,2.6038929452424524e-05,0.0,1.8628197842321375e-05,1.8628197842321375e-05,0.0,0.0,2.6038929452424524e-05,0.0
MS173269QEp_Katharine_Lyden_SKNHM-BT2_1,,,,,0.0,0.0,0.0,0.0,0.0,2.3009908188673357e-05,0.0,0.0,0.0,0.0,0.0,0.0,0.0,0.0,0.0,0.0,0.0,0.0,0.0,0.0,0.0
MS173343QEp_Fanny_Lyden_124_passage5,,,,,0.00031888967548781254,0.0,0.0,0.0,0.0,5.0153562048853286e-05,0.0,0.0,0.0,0.00031888967548781254,0.0,0.0026442717120416397,0.0029631613875294523,0.0,0.0,0.0,0.0,0.0,0.0,0.0,0.0
MS173343QEp_Fanny_Lyden_168R_passage5,,,,,0.0001736086304036317,0.0,0.0,0.0,0.0,4.660252965792854e-05,0.0,0.0,0.0,0.0001736086304036317,0.0,0.0022515190082283473,0.0024251276386319793,0.0,0.0,0.0,0.0,0.0,0.0,0.0,0.0
MS173343QEp_Fanny_Lyden_240L_passage5,,,,,0.00028415430111500766,0.0,0.0,0.0,0.0,3.3779741171002525e-05,0.0,0.0,0.0,0.00028415430111500766,0.0,0.0019899246094733196,0.002274078910588327,0.0,0.0,0.0,0.0,0.0,0.0,0.0,0.0
MS173393LUM_Katharine_Lyden_NB_BM2_groupB_1,,,,,0.0,0.0,0.0,0.0,0.0,0.0,0.0,0.0,0.0,0.0,0.0,7.332290834433127e-06,7.332290834433127e-06,0.0,0.0,0.0,0.0,0.0,0.0,0.0,0.0
MS173393LUM_Katharine_Lyden_NB_BM3_groupB_2,,,,,0.0,0.0,0.0,0.0,0.0,2.0115609646291424e-06,0.0,0.0,0.0,0.0,0.0,0.0,0.0,0.0,0.0,0.0,0.0,0.0,0.0,0.0,0.0
MS173393LUM_Katharine_Lyden_NB_BM8_groupA_4,,,,,0.0,0.0,0.0,0.0,0.0,0.0,0.0,0.0,0.0,0.0,0.0,8.059278845072109e-06,8.059278845072109e-06,0.0,0.0,0.0,0.0,0.0,0.0,0.0,0.0
MS173427QEp_Han_Lyden_K562,,,,,0.0,0.0,0.0,0.0,0.0,0.00016570822852888574,0.0,0.0,0.0,0.0,0.0,0.0,0.0,0.0,0.0,0.0,0.0,0.0,0.0,0.0,0.0
MS173427QEp_Han_Lyden_NAMALWA,,,,,0.0,0.0,0.0,0.0,0.0,7.478500487647722e-05,0.0,0.0,0.0,0.0,0.0,0.0,0.0,0.0,0.0,0.0,0.0,0.0,0.0,0.0,0.0
MS173449QEp_Daniela_Lyden_MOCK4_1,,,,,0.0,0.0,0.0,0.0,0.0,5.906025468854879e-05,0.0,0.0,0.0,0.0,0.0,0.0,0.0,0.0,0.0,0.0,0.0,0.0,0.0,0.0,0.0
MS173515QEp_Katharine_Lyden_C42B,,,,,0.0,0.0,0.0,0.0,0.0,6.010655510613755e-05,0.0,7.6145711375088065e-06,0.0,0.0,0.0,9.080106066638809e-05,9.080106066638809e-05,0.0,0.0,7.6145711375088065e-06,7.6145711375088065e-06,0.0,0.0,0.0,0.0
MS173515QEp_Katharine_Lyden_LC_bone_met_17,,,,,8.750200960836906e-06,0.0,0.0,0.0,0.0,6.913797568653645e-05,0.0,0.0,0.0,8.750200960836906e-06,0.0,3.101336295865787e-05,3.976356391949478e-05,3.4100292985763468e-06,0.0,0.0,0.0,0.0,3.4100292985763468e-06,0.0,0.0
MS173515QEp_Katharine_Lyden_Renal_bone_met,,,,,0.0,0.0,0.0,0.0,0.0,1.1424786005027843e-05,0.0,0.0,0.0,0.0,0.0,1.9746948717899112e-05,1.9746948717899112e-05,0.0,0.0,0.0,0.0,0.0,0.0,0.0,0.0
MS173551QEp_Miho_Lyden_P01-018-T01,,,,,1.474016130536275e-06,0.0,0.0,0.0,0.0,4.275848364294255e-05,0.0,2.9913364835949584e-06,0.0,1.474016130536275e-06,0.0,5.367267963587145e-05,5.514669576640773e-05,0.0,0.0,2.9913364835949584e-06,2.9913364835949584e-06,0.0,0.0,0.0,0.0
MS173551QEp_Miho_Lyden_P01-019-T01-2,,,,,0.0,0.0,0.0,0.0,0.0,0.0016105477802399663,0.0,7.828846409901413e-06,0.0,0.0,0.0,2.3318136381711953e-05,2.3318136381711953e-05,0.0,0.0,7.828846409901413e-06,7.828846409901413e-06,0.0,0.0,0.0,0.0
MS173551QEp_Miho_Lyden_P01-020-T01,,,,,0.0,0.0,0.0,0.0,0.0,4.232003039512282e-05,0.0,0.0,0.0,0.0,0.0,4.079159939277242e-05,4.079159939277242e-05,6.112272675039776e-07,0.0,0.0,0.0,0.0,6.112272675039776e-07,0.0,0.0
MS173551QEp_Miho_Lyden_P01-021-T01,,,,,0.0,0.0,0.0,0.0,0.0,2.1699751031087584e-05,0.0,0.0,0.0,0.0,0.0,7.988025732662733e-05,7.988025732662733e-05,0.0,0.0,0.0,0.0,0.0,0.0,0.0,0.0
MS173551QEp_Miho_Lyden_P01-022-T01-7,,,,,0.0,0.0,0.0,0.0,0.0,0.00014974675593879187,0.0,1.6299969066189782e-05,0.0,0.0,0.0,6.108633065102467e-05,6.108633065102467e-05,0.0,0.0,1.6299969066189782e-05,1.6299969066189782e-05,0.0,0.0,0.0,0.0
MS173592QEp_Miho_Lyden_P01-023-T01,,,,,0.0,0.0,0.0,0.0,0.0,0.0001693138270844146,0.0,0.0,0.0,0.0,0.0,1.2186281453953202e-05,1.2186281453953202e-05,0.0,0.0,0.0,0.0,0.0,0.0,0.0,0.0
MS173592QEp_Miho_Lyden_P01-024-T01-TP,,,,,0.0,0.0,0.0,0.0,0.0,6.343185729095438e-05,0.0,7.872515430001321e-06,0.0,0.0,0.0,8.929468059739545e-05,8.929468059739545e-05,0.0,0.0,7.872515430001321e-06,7.872515430001321e-06,0.0,0.0,0.0,0.0
MS183627QEp_Irina_Lyden_BM_16104699,,,,,0.0,0.0,0.0,0.0,0.0,0.0,0.0,1.1594122018439419e-06,0.0,0.0,0.0,3.98150440921968e-05,3.98150440921968e-05,0.0,0.0,1.1594122018439419e-06,1.1594122018439419e-06,0.0,0.0,0.0,0.0
MS183627QEp_Irina_Lyden_BM_16104711,,,,,0.0,0.0,0.0,0.0,0.0,0.0,0.0,0.0,0.0,0.0,0.0,1.644540791051839e-05,1.644540791051839e-05,0.0,0.0,0.0,0.0,0.0,0.0,0.0,0.0
MS183627QEp_Irina_Lyden_BM_16104712,,,,,0.0,0.0,0.0,0.0,0.0,0.0,0.0,0.0,0.0,0.0,0.0,1.3245444507966711e-05,1.3245444507966711e-05,0.0,0.0,0.0,0.0,0.0,0.0,0.0,0.0
MS183627QEp_Irina_Lyden_BM_16104713,,,,,0.0,6.916325863973001e-05,0.0,0.0,0.0,3.32149474447177e-06,0.0,1.692519384974882e-05,0.0,0.0,0.0,0.00014017879740543592,0.00014017879740543592,1.234826329278007e-05,6.916325863973001e-05,1.692519384974882e-05,1.692519384974882e-05,6.916325863973001e-05,1.234826329278007e-05,0.0,0.0
MS183627QEp_Irina_Lyden_BM_16104714,,,,,0.0,0.0,0.0,0.0,0.0,0.0,0.0,9.860793212173935e-06,0.0,0.0,0.0,0.0001957685812065623,0.0001957685812065623,1.0396405688151098e-05,0.0,9.860793212173935e-06,9.860793212173935e-06,0.0,1.0396405688151098e-05,0.0,0.0
MS183627QEp_Irina_Lyden_BM_16104715,,,,,0.0,1.351747379967762e-05,0.0,0.0,0.0,0.0,0.0,0.0,0.0,0.0,0.0,1.4478862023322355e-05,1.4478862023322355e-05,0.0,1.351747379967762e-05,0.0,0.0,1.351747379967762e-05,0.0,0.0,0.0
MS183627QEp_Irina_Lyden_BM_16104716,,,,,0.0,0.0,0.0,0.0,0.0,9.211057007921005e-06,0.0,0.0,0.0,0.0,0.0,0.0,0.0,0.0,0.0,0.0,0.0,0.0,0.0,0.0,0.0
MS183627QEp_Irina_Lyden_BM_16104717,,,,,0.0,2.3556976294464312e-05,0.0,0.0,0.0,0.0,0.0,0.0,0.0,0.0,0.0,0.0001581627762225592,0.0001581627762225592,0.0,2.3556976294464312e-05,0.0,0.0,2.3556976294464312e-05,0.0,0.0,0.0
MS183627QEp_Irina_Lyden_BM_16104721,,,,,0.0,0.0,0.0,0.0,0.0,1.1428259193606204e-05,0.0,0.0,0.0,0.0,0.0,1.1327534889602208e-05,1.1327534889602208e-05,0.0,0.0,0.0,0.0,0.0,0.0,0.0,0.0
MS183627QEp_Irina_Lyden_BM_16105139,,,,,0.0,3.6857024522229885e-05,0.0,0.0,0.0,0.0,0.0,8.867888033998089e-06,0.0,0.0,0.0,0.00010021882142597404,0.00010021882142597404,6.967079218051254e-05,3.6857024522229885e-05,8.867888033998089e-06,8.867888033998089e-06,3.6857024522229885e-05,6.967079218051254e-05,0.0,0.0
MS183627QEp_Irina_Lyden_BM_17105147,,,,,0.0,0.0,0.0,0.0,0.0,0.0,0.0,6.17824319725042e-06,0.0,0.0,0.0,0.000155523277757813,0.000155523277757813,3.0413791820956075e-06,0.0,6.17824319725042e-06,6.17824319725042e-06,0.0,3.0413791820956075e-06,0.0,0.0
MS183627QEp_Irina_Lyden_BM_17105177,,,,,0.0,0.0,0.0,0.0,0.0,7.18704665025591e-06,0.0,9.023391929981242e-06,0.0,0.0,0.0,9.068280499018535e-05,9.068280499018535e-05,6.183408191207113e-06,0.0,9.023391929981242e-06,9.023391929981242e-06,0.0,6.183408191207113e-06,0.0,0.0
MS183627QEp_Irina_Lyden_BM_17105181,,,,,8.878607661263271e-05,6.827017417403977e-05,6.4714863993279865e-06,0.0,0.0,0.0,0.0,2.1444327552814296e-05,6.4714863993279865e-06,8.878607661263271e-05,0.0,0.00036236768165586516,0.00045762524466782585,3.5898359446363415e-05,6.827017417403977e-05,2.1444327552814296e-05,2.1444327552814296e-05,6.827017417403977e-05,3.5898359446363415e-05,0.0,0.0
MS183627QEp_Irina_Lyden_BM_17105182,,,,,0.0,0.0,0.0,0.0,0.0,1.4615380702663994e-05,0.0,2.7557438825511905e-06,0.0,0.0,0.0,6.282326137952206e-05,6.282326137952206e-05,5.712256903213361e-06,0.0,2.7557438825511905e-06,2.7557438825511905e-06,0.0,5.712256903213361e-06,0.0,0.0
MS183640QEp_Alberto_Lyden_P11_epithelioid,,,,,0.0,0.0,0.0,0.0,0.0,2.880810592535629e-06,0.0,0.0,0.0,0.0,0.0,0.0,0.0,0.0,0.0,0.0,0.0,0.0,0.0,0.0,0.0
MS183640QEp_Alberto_Lyden_P9_epithelioid,,,,,0.0,0.0,0.0,0.0,0.0,5.80562434845997e-06,0.0,0.0,0.0,0.0,0.0,0.0,0.0,0.0,0.0,0.0,0.0,0.0,0.0,0.0,0.0
MS183658QEp_Linda_Lyden_C2_normal,,,,,5.784713468010466e-05,2.9303293184230556e-05,7.884315719177997e-05,0.0,2.065365154572949e-05,7.359375581895126e-06,2.065365154572949e-05,0.0,7.884315719177997e-05,5.784713468010466e-05,0.0,0.0011534656444113036,0.0012901559362831882,0.0,2.9303293184230556e-05,0.0,0.0,2.9303293184230556e-05,0.0,0.0,0.0
MS183658QEp_Linda_Lyden_C5_normal,,,,,0.00015393737843204396,0.0001517243984965898,0.0,0.0,0.0,0.0,0.0,0.0,0.0,0.00015393737843204396,0.0,0.001426618763140554,0.001580556141572598,1.0362520962386465e-05,0.0001517243984965898,0.0,0.0,0.0001517243984965898,1.0362520962386465e-05,0.0,0.0
MS183777QEp_Fanny_Lyden_160,,,,,0.0,0.0,0.0,0.0,0.0,6.052796581329431e-06,0.0,0.0,0.0,0.0,0.0,0.0,0.0,0.0,0.0,0.0,0.0,0.0,0.0,0.0,0.0
MS183777QEp_Fanny_Lyden_200Pa,,,,,0.0,0.0,0.0,0.0,0.0,1.680374075647853e-05,0.0,0.0,0.0,0.0,0.0,0.0004723322606704926,0.0004723322606704926,0.0,0.0,0.0,0.0,0.0,0.0,0.0,0.0
MS183777QEp_Fanny_Lyden_356E,,,,,7.597238194096805e-05,0.0,0.0,0.0,0.0,0.00013122560399452806,0.0,0.0,0.0,7.597238194096805e-05,0.0,0.0031687925286407164,0.0032447649105816845,0.0,0.0,0.0,0.0,0.0,0.0,0.0,0.0
MS183777QEp_Fanny_Lyden_LEP,,,,,8.901891088548334e-05,0.0,0.0,0.0,0.0,0.0,0.0,0.0,0.0,8.901891088548334e-05,0.0,0.0011026432342458384,0.0011916621451313217,0.0,0.0,0.0,0.0,0.0,0.0,0.0,0.0
MS183777QEp_Fanny_Lyden_RM,,,,,7.435298557283283e-05,0.0,0.0,0.0,1.332399196479104e-05,0.0002046419040800508,1.332399196479104e-05,0.0,0.0,7.435298557283283e-05,0.0,0.0008098449754243712,0.000884197960997204,0.0,0.0,0.0,0.0,0.0,0.0,0.0,0.0
MS183871QEp_Goncalo_Lyden_53_normal,,,,,3.4482601984077745e-05,4.193319642995205e-06,0.0,0.0,0.0,1.0033705576507907e-06,0.0,0.0,0.0,3.4482601984077745e-05,0.0,0.00013740776425631704,0.0001718903662403948,0.0,4.193319642995205e-06,0.0,0.0,4.193319642995205e-06,0.0,0.0,0.0
MS183871QEp_Goncalo_Lyden_53_tumor,,,,,0.00012872054773880828,0.0,7.746555728228218e-06,0.0,1.7275923932867804e-06,6.80241193101699e-05,7.961197593380789e-06,6.233605200094008e-06,7.746555728228218e-06,0.00012872054773880828,0.0,0.000392386475973777,0.0005288535794408135,0.0,0.0,0.0,0.0,0.0,0.0,0.0,0.0
MS183871QEp_Goncalo_Lyden_55_normal,,,,,0.0,0.0,0.0,0.0,0.0,4.9824888912301944e-05,0.0,0.0,0.0,0.0,0.0,0.0001018280873187614,0.0001018280873187614,0.0,0.0,0.0,0.0,0.0,0.0,0.0,0.0
MS183871QEp_Goncalo_Lyden_55_tumor,,,,,0.0,0.0,0.0,0.0,0.0,3.1380543271715376e-05,0.0,0.0,0.0,0.0,0.0,7.421444345953753e-05,7.421444345953753e-05,0.0,0.0,0.0,0.0,0.0,0.0,0.0,0.0
MS183871QEp_Goncalo_Lyden_57_normal,,,,,2.5047962635606013e-05,1.1793835421939847e-05,0.0,0.0,0.0,1.3523152315959696e-05,0.0,0.0,0.0,2.5047962635606013e-05,0.0,0.00011267177030727758,0.0001377197329428836,0.0,1.1793835421939847e-05,0.0,0.0,1.1793835421939847e-05,0.0,0.0,0.0
MS183871QEp_Goncalo_Lyden_57_tumor,,,,,0.0,0.0,0.0,0.0,0.0,6.671542735569814e-05,0.0,0.0,0.0,0.0,0.0,3.1442243091057234e-05,3.1442243091057234e-05,0.0,0.0,0.0,0.0,0.0,0.0,0.0,0.0
MS183871QEp_Goncalo_Lyden_58_normal,,,,,0.0,1.0204257420700178e-05,0.0,0.0,0.0,6.128556895609672e-06,0.0,0.0,0.0,0.0,0.0,2.64864435640028e-05,2.64864435640028e-05,4.554958261004966e-05,1.0204257420700178e-05,0.0,0.0,1.0204257420700178e-05,4.554958261004966e-05,0.0,0.0
MS183871QEp_Goncalo_Lyden_58_tumor,,,,,0.0,2.156697883036927e-05,0.0,0.0,0.0,9.868410223989546e-06,0.0,1.725302812611188e-05,0.0,0.0,0.0,0.00011936664834025538,0.00011936664834025538,3.103464044511881e-06,2.156697883036927e-05,1.725302812611188e-05,1.725302812611188e-05,2.156697883036927e-05,3.103464044511881e-06,0.0,0.0
MS183871QEp_Goncalo_Lyden_60_normal,,,,,2.4337486460323308e-05,0.0,0.0,0.0,0.0,3.0662877486500534e-05,0.0,0.0,0.0,2.4337486460323308e-05,0.0,0.00016736478605030916,0.00019170227251063247,2.6919686209915067e-05,0.0,0.0,0.0,0.0,2.6919686209915067e-05,0.0,0.0
MS183871QEp_Goncalo_Lyden_60_tumor,,,,,1.3949909317655334e-06,0.0,0.0,0.0,9.661223790279717e-06,4.760247232321302e-05,9.661223790279717e-06,2.3919774963699275e-06,0.0,1.3949909317655334e-06,0.0,0.00014182627045765565,0.0001432212613894212,0.0,0.0,2.3919774963699275e-06,2.3919774963699275e-06,0.0,0.0,0.0,0.0
MS183871QEp_Goncalo_Lyden_62_normal,,,,,0.0,0.0,0.0,0.0,0.0,6.598815880799622e-05,0.0,0.0,0.0,0.0,0.0,8.98215533177461e-05,8.98215533177461e-05,0.0,0.0,0.0,0.0,0.0,0.0,0.0,0.0
MS183871QEp_Goncalo_Lyden_62_tumor,,,,,0.0,0.0,0.0,0.0,0.0,2.4281050973416426e-05,0.0,0.0,0.0,0.0,0.0,4.7700622926820776e-05,4.7700622926820776e-05,0.0,0.0,0.0,0.0,0.0,0.0,0.0,0.0
MS183873QEp_Ayuko_Lyden_Brown_lab_exo_normal_020316,,,,,0.0,7.43919129682496e-05,0.0,0.0,0.0,0.0,0.0,0.0,0.0,0.0,0.0,7.93155763076383e-05,7.93155763076383e-05,1.0398713263441092e-05,7.43919129682496e-05,0.0,0.0,7.43919129682496e-05,1.0398713263441092e-05,0.0,0.0
MS183873QEp_Ayuko_Lyden_Brown_lab_exo_normal_042716,,,,,5.078682417937042e-06,0.0,0.0,0.0,0.0,4.882639843924129e-06,0.0,1.9961217041070847e-05,0.0,5.078682417937042e-06,0.0,0.00011293069373576056,0.00011800937615369761,2.7925628670685333e-06,0.0,1.9961217041070847e-05,1.9961217041070847e-05,0.0,2.7925628670685333e-06,0.0,0.0
MS183912QEp_Ayuko_Lyden_BR19,,,,,0.0,0.0,0.0,0.0,0.0,2.3504309353547574e-05,0.0,2.0183636746318893e-05,0.0,0.0,0.0,0.00020431584023741786,0.00020431584023741786,1.7863837567636373e-05,0.0,2.0183636746318893e-05,2.0183636746318893e-05,0.0,1.7863837567636373e-05,0.0,0.0
MS1840395QEp_Linda_Lyden_44_normal,,,,,0.0,0.0,0.0,0.0,0.0,0.0,0.0,1.8190719125158517e-05,0.0,0.0,0.0,0.0,0.0,0.0,0.0,1.8190719125158517e-05,1.8190719125158517e-05,0.0,0.0,0.0,0.0
MS184039QEp_Linda_Lyden_44_tumor,,,,,0.0,0.0,0.0,0.0,0.0,1.478487789128897e-06,0.0,0.0,0.0,0.0,0.0,0.0,0.0,0.0,0.0,0.0,0.0,0.0,0.0,0.0,0.0
MS184039QEp_Linda_Lyden_58_tumor,,,,,1.5186474482358809e-05,0.0,0.0,0.0,0.0,2.7147661420895162e-05,0.0,0.0,0.0,1.5186474482358809e-05,0.0,0.000318448353162449,0.00033363482764480775,0.0,0.0,0.0,0.0,0.0,0.0,0.0,0.0
MS184039QEp_Linda_Lyden_67_normal,,,,,1.1339857712615167e-05,0.0,9.574476590544055e-05,0.0,0.0,0.0,0.0,0.0,9.574476590544055e-05,1.1339857712615167e-05,0.0,0.0014121694044940708,0.0015192540281121264,0.0,0.0,0.0,0.0,0.0,0.0,0.0,0.0
MS184039QEp_Linda_Lyden_67_tumor,,,,,0.0,0.0,0.0,0.0,0.0,5.834407879588382e-05,0.0,0.0,0.0,0.0,0.0,1.5917348364190742e-05,1.5917348364190742e-05,0.0,0.0,0.0,0.0,0.0,0.0,0.0,0.0
MS184039QEp_Linda_Lyden_68_normal,,,,,0.0,0.0,0.0,0.0,0.0,0.0,0.0,0.0,0.0,0.0,0.0,9.465844881303523e-05,9.465844881303523e-05,0.0,0.0,0.0,0.0,0.0,0.0,0.0,0.0
MS184039QEp_Linda_Lyden_68_tumor,,,,,0.0,0.0,0.0,0.0,0.0,0.0,0.0,0.00016407434755260752,0.0,0.0,0.0,0.0,0.0,0.0,0.0,0.00016407434755260752,0.00016407434755260752,0.0,0.0,0.0,0.0
MS184039QEp_Linda_Lyden_71_tumor,,,,,0.0,0.0,0.0,0.0,0.0,2.423234929317534e-05,0.0,0.0,0.0,0.0,0.0,0.0,0.0,0.0,0.0,0.0,0.0,0.0,0.0,0.0,0.0
MS184052QEp_Fanny_Lyden_097_human_cell,,,,,0.0,0.0,0.0,0.0,0.0,8.619538313630769e-06,0.0,0.0,0.0,0.0,0.0,0.0008028138240181865,0.0008028138240181865,0.0,0.0,0.0,0.0,0.0,0.0,0.0,0.0
MS184052QEp_Fanny_Lyden_122L_human_cell,,,,,0.0,0.0,0.0,0.0,0.0,4.131047612413559e-05,0.0,0.0,0.0,0.0,0.0,0.0009293287500254509,0.0009293287500254509,0.0,0.0,0.0,0.0,0.0,0.0,0.0,0.0
MS184052QEp_Fanny_Lyden_173P_human_cell,,,,,0.0,0.0,0.0,0.0,0.0,1.5851988413769317e-05,0.0,0.0,0.0,0.0,0.0,0.0011692093066319532,0.0011692093066319532,0.0,0.0,0.0,0.0,0.0,0.0,0.0,0.0
MS184052QEp_Fanny_Lyden_173T_human_cell,,,,,7.981655261610397e-05,0.0,0.0,0.0,0.0,1.9472313133361904e-05,0.0,0.0,0.0,7.981655261610397e-05,0.0,0.0009901443689698387,0.0010699609215859426,0.0,0.0,0.0,0.0,0.0,0.0,0.0,0.0
MS184052QEp_Fanny_Lyden_1788_human_breast,,,,,4.148290400881326e-05,0.0,0.0,0.0,0.0,7.203308450652238e-05,0.0,0.0,0.0,4.148290400881326e-05,0.0,0.0006042686293558306,0.0006457515333646439,0.0,0.0,0.0,0.0,0.0,0.0,0.0,0.0
MS184052QEp_Fanny_Lyden_1806_human_breast,,,,,0.0,0.0,0.0,0.0,0.0,8.753764203121473e-05,0.0,0.0,0.0,0.0,0.0,0.0005819352505879048,0.0005819352505879048,0.0,0.0,0.0,0.0,0.0,0.0,0.0,0.0
MS184052QEp_Fanny_Lyden_805P_human_cell,,,,,0.0,0.0,0.0,0.0,0.0,0.0,0.0,0.0,0.0,0.0,0.0,0.0005382699509839388,0.0005382699509839388,0.0,0.0,0.0,0.0,0.0,0.0,0.0,0.0
MS184052QEp_Fanny_Lyden_JS0018_human_breast,,,,,0.0,0.0,0.0,0.0,0.0,6.460772337098883e-05,0.0,0.0,0.0,0.0,0.0,0.00041203002588759846,0.00041203002588759846,0.0,0.0,0.0,0.0,0.0,0.0,0.0,0.0
MS184454QEp_Goncalo_Lyden_127_CN_b,,,,,1.1276701510363862e-05,1.8514223452991295e-05,0.0,0.0,0.0,1.520949445081839e-05,0.0,2.0717434658922832e-05,0.0,1.1276701510363862e-05,1.3644076168231888e-05,0.00010443029346229396,0.00012935107114088972,3.946561034840299e-05,1.8514223452991295e-05,2.0717434658922832e-05,2.0717434658922832e-05,1.8514223452991295e-05,3.946561034840299e-05,0.0,0.0
MS184454QEp_Goncalo_Lyden_127_FN_b,,,,,0.0,0.0,0.0,0.0,0.0,2.7029834969834333e-06,0.0,8.9348809667239e-06,0.0,0.0,0.0,0.0,0.0,0.0,0.0,8.9348809667239e-06,8.9348809667239e-06,0.0,0.0,0.0,0.0
MS184454QEp_Goncalo_Lyden_127_T_b,,,,,0.0,1.2689957279953447e-05,0.0,0.0,1.755643696485262e-06,8.140047311879956e-05,1.755643696485262e-06,7.791291112767327e-06,0.0,0.0,0.0,0.00010415362695804497,0.00010415362695804497,0.0,1.2689957279953447e-05,7.791291112767327e-06,7.791291112767327e-06,1.2689957279953447e-05,0.0,0.0,0.0
MS184454QEp_Goncalo_Lyden_128_CN_b,,,,,0.0,9.980696925849498e-06,0.0,0.0,0.0,1.748118312587449e-05,0.0,3.979248534164185e-06,0.0,0.0,0.0,4.877236733226998e-05,4.877236733226998e-05,0.0,9.980696925849498e-06,3.979248534164185e-06,3.979248534164185e-06,9.980696925849498e-06,0.0,0.0,0.0
MS184454QEp_Goncalo_Lyden_128_FN_b,,,,,0.0,1.5470012545603637e-05,0.0,0.0,0.0,0.0,0.0,0.0,0.0,0.0,0.0,0.00010981025943540939,0.00010981025943540939,3.5904351890165455e-06,1.5470012545603637e-05,0.0,0.0,1.5470012545603637e-05,3.5904351890165455e-06,0.0,0.0
MS184454QEp_Goncalo_Lyden_128_T_b,,,,,0.0,0.0,0.0,0.0,0.0,2.7644282184391927e-05,0.0,0.0,0.0,0.0,0.0,1.6848441840029755e-05,1.6848441840029755e-05,0.0,0.0,0.0,0.0,0.0,0.0,0.0,0.0
MS184454QEp_Goncalo_Lyden_130_CN_b,,,,,0.0,0.0,0.0,0.0,0.0,2.1383582950909064e-05,0.0,5.305161579752704e-06,0.0,0.0,0.0,2.2677805394345007e-05,2.2677805394345007e-05,0.0,0.0,5.305161579752704e-06,5.305161579752704e-06,0.0,0.0,0.0,0.0
MS184454QEp_Goncalo_Lyden_130_FN_b,,,,,0.0,0.0,0.0,0.0,0.0,4.5537989380061325e-05,0.0,0.0,0.0,0.0,0.0,2.8830113349948592e-05,2.8830113349948592e-05,0.0,0.0,0.0,0.0,0.0,0.0,0.0,0.0
MS184454QEp_Goncalo_Lyden_130_T_c,,,,,0.0,0.0,0.0,0.0,0.0,5.145929752187373e-06,0.0,0.0,0.0,0.0,0.0,0.0,0.0,0.0,0.0,0.0,0.0,0.0,0.0,0.0,0.0
MS184454QEp_Goncalo_Lyden_131_CN_b,,,,,0.0,0.0,0.0,0.0,0.0,2.6410380849980607e-05,0.0,0.0,0.0,0.0,0.0,4.8858048842330275e-06,4.8858048842330275e-06,0.0,0.0,0.0,0.0,0.0,0.0,0.0,0.0
MS184454QEp_Goncalo_Lyden_131_FN,,,,,0.0,0.0,0.0,0.0,0.0,1.901900481729825e-05,0.0,4.94077423390415e-06,0.0,0.0,0.0,7.585921444972152e-05,7.585921444972152e-05,1.3356931864161353e-05,0.0,4.94077423390415e-06,4.94077423390415e-06,0.0,1.3356931864161353e-05,0.0,0.0
MS184454QEp_Goncalo_Lyden_131_T_b,,,,,0.0,0.0,0.0,0.0,0.0,9.739575820527085e-05,0.0,0.0,0.0,0.0,0.0,1.502550043775281e-05,1.502550043775281e-05,0.0,0.0,0.0,0.0,0.0,0.0,0.0,0.0
MS184454QEp_Goncalo_Lyden_135_CN,,,,,5.631665372165754e-06,0.0,0.0,0.0,0.0,3.455258107089012e-05,0.0,1.1732376075330474e-05,0.0,5.631665372165754e-06,1.1041601423224256e-05,5.275518008174507e-05,6.942844687713508e-05,0.0,0.0,1.1732376075330474e-05,1.1732376075330474e-05,0.0,0.0,0.0,0.0
MS184454QEp_Goncalo_Lyden_135_FN,,,,,4.738460972900959e-06,0.0,0.0,0.0,0.0,2.193459538913019e-05,0.0,6.593583841320432e-06,0.0,4.738460972900959e-06,1.0834742626695027e-05,6.549827148596906e-05,8.107147508556506e-05,0.0,0.0,6.593583841320432e-06,6.593583841320432e-06,0.0,0.0,0.0,0.0
MS184454QEp_Goncalo_Lyden_135_T,,,,,0.0,0.0,0.0,0.0,0.0,5.17283644281622e-05,0.0,0.0,0.0,0.0,0.0,2.1548924594146835e-05,2.1548924594146835e-05,0.0,0.0,0.0,0.0,0.0,0.0,0.0,0.0
MS184454QEp_Goncalo_Lyden_137_CN,,,,,1.041103986359523e-05,0.0,0.0,0.0,0.0,3.37814051603442e-05,0.0,0.0,0.0,1.041103986359523e-05,0.0,4.910180002438428e-05,5.951283988797951e-05,0.0,0.0,0.0,0.0,0.0,0.0,0.0,0.0
MS184454QEp_Goncalo_Lyden_137_FN,,,,,0.0,0.0,0.0,0.0,0.0,2.9663278575274912e-05,0.0,4.960538884714663e-06,0.0,0.0,0.0,3.9905672016125234e-05,3.9905672016125234e-05,0.0,0.0,4.960538884714663e-06,4.960538884714663e-06,0.0,0.0,0.0,0.0
MS184454QEp_Goncalo_Lyden_137_T,,,,,0.0,0.0,0.0,0.0,0.0,2.1341181845629766e-05,0.0,0.0,0.0,0.0,0.0,4.26066767950107e-05,4.26066767950107e-05,0.0,0.0,0.0,0.0,0.0,0.0,0.0,0.0
MS184454QEp_Goncalo_Lyden_141_CN,,,,,0.0,0.0,0.0,0.0,0.0,2.7609289221575765e-05,0.0,5.971385802261612e-06,0.0,0.0,0.0,4.044581498865612e-05,4.044581498865612e-05,7.986472473207975e-06,0.0,5.971385802261612e-06,5.971385802261612e-06,0.0,7.986472473207975e-06,0.0,0.0
MS184454QEp_Goncalo_Lyden_141_FN,,,,,0.0,0.0,0.0,0.0,0.0,3.621752393804347e-05,0.0,4.2361468577472745e-06,0.0,0.0,0.0,2.6181813695330284e-05,2.6181813695330284e-05,0.0,0.0,4.2361468577472745e-06,4.2361468577472745e-06,0.0,0.0,0.0,0.0
MS184454QEp_Goncalo_Lyden_141_T,,,,,0.0,0.0,0.0,0.0,0.0,8.300039483257902e-05,0.0,0.0,0.0,0.0,0.0,4.783093300754657e-05,4.783093300754657e-05,0.0,0.0,0.0,0.0,0.0,0.0,0.0,0.0
MS184454QEp_Goncalo_Lyden_142_CN,,,,,0.0,2.303082780466584e-05,0.0,0.0,0.0,2.5276305714803685e-05,0.0,1.8257486663727432e-05,0.0,0.0,0.0,0.0001203972548221443,0.0001203972548221443,1.530780025528002e-05,2.303082780466584e-05,1.8257486663727432e-05,1.8257486663727432e-05,2.303082780466584e-05,1.530780025528002e-05,0.0,0.0
MS184454QEp_Goncalo_Lyden_142_FN,,,,,0.0,1.5985167140163848e-05,0.0,0.0,0.0,1.7819526600556845e-05,0.0,1.0761177612267647e-05,0.0,0.0,0.0,7.690357025966252e-05,7.690357025966252e-05,0.0,1.5985167140163848e-05,1.0761177612267647e-05,1.0761177612267647e-05,1.5985167140163848e-05,0.0,0.0,0.0
MS184454QEp_Goncalo_Lyden_142_T,,,,,0.0,0.0,0.0,0.0,0.0,1.8983846774110375e-05,0.0,0.0,0.0,0.0,0.0,9.649914481826822e-06,9.649914481826822e-06,0.0,0.0,0.0,0.0,0.0,0.0,0.0,0.0
MS184612LUM_haiying_lyden_P01-025-T01_a,,,,,4.430155341981374e-05,7.029346952726211e-06,0.0,0.0,0.0,1.8647300255906116e-05,0.0,5.053098789860973e-05,0.0,4.430155341981374e-05,0.0,0.000176581423335981,0.00022088297675579475,0.0,7.029346952726211e-06,5.053098789860973e-05,5.053098789860973e-05,7.029346952726211e-06,0.0,0.0,0.0
MS184612LUM_haiying_lyden_P01-026-T01_a,,,,,2.7542757717260475e-05,0.0,0.0,0.0,0.0,0.00013911890146551186,0.0,7.484149507201566e-05,0.0,2.7542757717260475e-05,0.0,0.0002082011113068113,0.00023574386902407176,0.0,0.0,7.484149507201566e-05,7.484149507201566e-05,0.0,0.0,0.0,0.0
MS184612LUM_haiying_lyden_P01-028-T01-Part1_a,,,,,0.0,1.2636749308192848e-05,0.0,0.0,0.0,5.175515645226681e-05,0.0,1.0849454457255923e-05,0.0,0.0,0.0,1.8263363021338533e-05,1.8263363021338533e-05,0.0,1.2636749308192848e-05,1.0849454457255923e-05,1.0849454457255923e-05,1.2636749308192848e-05,0.0,0.0,0.0
MS184612LUM_haiying_lyden_P01-029-T01-Part1_a,,,,,5.7178070581410224e-05,0.0,0.0,0.0,0.0,0.0001259201268409721,0.0,0.0,0.0,5.7178070581410224e-05,0.0,9.60065590838139e-05,0.00015318462966522412,0.0,0.0,0.0,0.0,0.0,0.0,0.0,0.0
MS184612LUM_haiying_lyden_P01-030-T01_a,,,,,0.0,0.0,0.0,0.0,0.0,0.0,0.0,0.0,0.0,0.0,0.0,1.583841695792833e-05,1.583841695792833e-05,0.0,0.0,0.0,0.0,0.0,0.0,0.0,0.0
MS184612LUM_haiying_lyden_P01-033-T01_a,,,,,0.00010243000492771406,0.00011056492728666806,8.192182470893884e-06,0.0,0.0,9.384678662907878e-06,1.3070272880669286e-06,0.00010674355049839703,8.192182470893884e-06,0.00010243000492771406,4.2768229938293694e-05,0.00016961532373910998,0.0003230057410760116,4.8583755357910334e-05,0.00011056492728666806,0.00010543652321033011,0.00010543652321033011,0.00011056492728666806,4.8583755357910334e-05,0.0,0.0
MS184612LUM_haiying_lyden_P01-035-T01_a,,,,,0.0,0.0,0.0,0.0,0.0,0.00016291295917378426,0.0,0.0,0.0,0.0,0.0,5.787560690058526e-05,5.787560690058526e-05,0.0,0.0,0.0,0.0,0.0,0.0,0.0,0.0
MS194879LUM_goncalo_lyden_141_Plasma_a,,,,,0.0,0.0,0.0,0.0,0.0,0.0,0.0,0.0,0.0,0.0,0.0,1.4454449145685983e-05,1.4454449145685983e-05,0.0,0.0,0.0,0.0,0.0,0.0,0.0,0.0
